delivery_id,order_id,delivery_partner_id,distance_km,delivery_time_min
1,1,4973,19,68
2,2,2755,11,26
3,3,3484,19,43
4,4,3486,3,23
5,5,661,4,60
6,6,2944,16,38
7,7,306,12,65
8,8,857,7,54
9,9,2942,1,48
10,10,449,11,55
11,11,2923,15,53
12,12,4869,19,27
13,13,2851,15,21
14,14,2795,9,23
15,15,1231,13,21
16,16,2776,18,49
17,17,482,17,48
18,18,3069,5,23
19,19,3428,16,40
20,20,1161,7,28
21,21,1193,5,21
22,22,4326,11,39
23,23,1518,16,68
24,24,2025,13,52
25,25,489,2,25
26,26,1709,12,48
27,27,1300,12,35
28,28,4093,10,55
29,29,3724,13,24
30,30,4988,12,56
31,31,2720,19,28
32,32,1086,17,51
33,33,3205,16,56
34,34,2168,17,53
35,35,2860,6,58
36,36,1181,18,66
37,37,3531,11,59
38,38,2460,12,48
39,39,3579,17,50
40,40,4327,2,22
41,41,1602,13,62
42,42,2276,19,44
43,43,4526,19,61
44,44,145,4,55
45,45,2209,1,63
46,46,289,2,32
47,47,4180,18,58
48,48,534,12,38
49,49,181,9,35
50,50,3033,5,61
51,51,3565,16,49
52,52,1068,4,58
53,53,2891,3,54
54,54,4466,18,21
55,55,930,8,20
56,56,4515,2,67
57,57,964,12,64
58,58,3350,1,22
59,59,3517,18,45
60,60,3157,10,47
61,61,2841,8,46
62,62,2127,4,33
63,63,3899,18,69
64,64,1760,3,62
65,65,1480,3,43
66,66,4803,12,54
67,67,977,19,53
68,68,961,17,43
69,69,3428,17,25
70,70,4968,4,50
71,71,3900,7,48
72,72,81,7,55
73,73,4666,7,48
74,74,2860,8,32
75,75,1657,19,27
76,76,2550,9,34
77,77,1072,9,52
78,78,1661,14,44
79,79,2713,18,35
80,80,2457,9,40
81,81,825,5,56
82,82,3085,8,64
83,83,1869,4,36
84,84,3852,14,53
85,85,4323,17,32
86,86,988,16,53
87,87,191,9,62
88,88,1024,5,34
89,89,4564,5,60
90,90,4124,6,41
91,91,3295,6,23
92,92,3114,8,68
93,93,3664,16,66
94,94,2086,14,58
95,95,1157,1,42
96,96,1712,16,32
97,97,4606,15,27
98,98,163,5,20
99,99,4400,9,60
100,100,2795,3,69
101,101,4878,7,36
102,102,54,7,36
103,103,374,16,27
104,104,877,3,22
105,105,2776,15,48
106,106,3730,7,41
107,107,2866,3,62
108,108,2685,16,21
109,109,2709,6,21
110,110,3289,8,67
111,111,40,16,36
112,112,1655,6,28
113,113,798,16,52
114,114,710,2,48
115,115,4725,1,48
116,116,25,19,63
117,117,4054,14,25
118,118,2115,19,62
119,119,2745,4,25
120,120,2351,2,56
121,121,4574,2,64
122,122,4201,12,20
123,123,2705,11,35
124,124,1457,18,30
125,125,1074,19,41
126,126,1236,17,53
127,127,4698,4,20
128,128,4485,12,32
129,129,3367,3,68
130,130,4525,16,65
131,131,2065,4,68
132,132,4539,6,61
133,133,3427,1,47
134,134,1017,5,68
135,135,2018,10,32
136,136,3424,14,57
137,137,2426,5,49
138,138,4488,10,55
139,139,4126,9,23
140,140,4227,13,33
141,141,4497,17,55
142,142,4219,19,42
143,143,920,1,24
144,144,3835,9,65
145,145,4052,18,34
146,146,4170,5,42
147,147,3544,14,27
148,148,111,19,30
149,149,3783,15,26
150,150,2225,4,42
151,151,3092,4,64
152,152,2253,18,65
153,153,3594,18,60
154,154,3081,8,46
155,155,1991,2,50
156,156,3948,16,66
157,157,3647,14,59
158,158,2128,1,21
159,159,1568,17,63
160,160,3588,10,67
161,161,2174,16,50
162,162,4604,3,27
163,163,2423,19,20
164,164,4630,11,44
165,165,4247,15,36
166,166,4314,18,49
167,167,4378,19,43
168,168,4401,7,50
169,169,3756,6,32
170,170,4758,9,34
171,171,1219,13,45
172,172,1450,8,51
173,173,1588,18,64
174,174,3985,3,54
175,175,4750,1,35
176,176,3136,18,28
177,177,2221,4,38
178,178,397,18,59
179,179,3738,16,59
180,180,744,18,65
181,181,1454,3,64
182,182,2018,14,22
183,183,4147,10,45
184,184,3287,5,56
185,185,1826,8,27
186,186,2668,18,25
187,187,4980,5,24
188,188,3612,12,40
189,189,2323,4,46
190,190,4784,12,63
191,191,2632,13,57
192,192,1954,14,27
193,193,362,14,41
194,194,400,19,42
195,195,3655,10,44
196,196,795,9,26
197,197,563,18,33
198,198,3156,17,60
199,199,2275,5,48
200,200,2065,2,36
201,201,220,10,25
202,202,2632,1,51
203,203,2500,8,38
204,204,2017,8,46
205,205,626,6,49
206,206,1665,5,69
207,207,3342,18,52
208,208,903,7,56
209,209,64,4,64
210,210,1992,1,30
211,211,1928,2,60
212,212,950,19,29
213,213,439,3,48
214,214,897,1,41
215,215,4677,13,39
216,216,2080,8,38
217,217,1,12,43
218,218,4802,8,47
219,219,4010,7,21
220,220,3054,8,59
221,221,2764,15,37
222,222,2634,7,37
223,223,4248,12,21
224,224,3433,18,66
225,225,2418,4,68
226,226,1683,6,42
227,227,563,11,66
228,228,258,10,34
229,229,965,19,44
230,230,4742,18,64
231,231,4286,12,37
232,232,4674,17,40
233,233,4932,2,66
234,234,1842,19,51
235,235,3876,12,69
236,236,4094,11,38
237,237,2655,15,37
238,238,3985,11,43
239,239,4601,11,66
240,240,2030,10,61
241,241,3816,19,49
242,242,1870,3,48
243,243,378,4,40
244,244,2393,3,40
245,245,2859,15,67
246,246,849,6,60
247,247,780,9,21
248,248,3412,8,64
249,249,866,2,20
250,250,3640,19,41
251,251,1931,15,59
252,252,539,8,57
253,253,4030,19,38
254,254,1106,5,38
255,255,1766,12,21
256,256,1756,12,48
257,257,234,9,69
258,258,3264,18,69
259,259,3736,10,42
260,260,3685,5,66
261,261,4886,15,67
262,262,4625,19,46
263,263,897,10,64
264,264,3596,17,42
265,265,276,6,47
266,266,403,9,47
267,267,2302,17,24
268,268,3049,18,37
269,269,2585,14,49
270,270,4259,6,43
271,271,2111,11,56
272,272,243,19,35
273,273,2351,16,48
274,274,963,2,49
275,275,1140,7,44
276,276,2368,6,57
277,277,1046,15,58
278,278,1487,13,20
279,279,965,7,59
280,280,2666,3,58
281,281,2012,15,58
282,282,4938,3,50
283,283,3408,15,58
284,284,370,3,50
285,285,1395,15,52
286,286,829,1,31
287,287,2076,11,44
288,288,2897,4,42
289,289,4546,19,62
290,290,4623,10,67
291,291,183,4,47
292,292,376,16,52
293,293,1830,1,57
294,294,3991,13,45
295,295,210,19,43
296,296,4128,14,24
297,297,2092,13,63
298,298,886,4,36
299,299,3707,10,64
300,300,4468,8,56
301,301,995,9,34
302,302,2490,14,21
303,303,2662,8,53
304,304,3516,1,39
305,305,4063,11,49
306,306,4334,16,35
307,307,1355,1,63
308,308,2820,19,23
309,309,4399,18,50
310,310,1927,7,45
311,311,229,9,60
312,312,3212,6,31
313,313,3911,6,21
314,314,4150,1,27
315,315,2640,6,33
316,316,1295,16,43
317,317,4226,4,62
318,318,1549,3,59
319,319,517,9,60
320,320,3489,8,44
321,321,3056,7,26
322,322,4608,12,51
323,323,3010,1,42
324,324,1981,12,65
325,325,225,16,58
326,326,2251,14,45
327,327,2903,11,61
328,328,2982,19,26
329,329,136,19,66
330,330,3876,13,69
331,331,1053,12,64
332,332,1375,10,23
333,333,3038,15,63
334,334,1352,13,44
335,335,3930,13,37
336,336,1394,15,26
337,337,371,17,41
338,338,4734,11,23
339,339,1660,10,48
340,340,922,4,43
341,341,3444,17,59
342,342,1277,14,69
343,343,3943,2,57
344,344,2487,7,60
345,345,602,16,31
346,346,2066,17,28
347,347,219,4,34
348,348,4608,3,32
349,349,1202,5,49
350,350,209,6,54
351,351,1837,6,54
352,352,3207,6,45
353,353,211,19,38
354,354,3739,11,40
355,355,3624,19,40
356,356,273,14,32
357,357,1727,15,40
358,358,3580,5,43
359,359,2782,12,45
360,360,502,13,63
361,361,3826,18,50
362,362,3945,3,49
363,363,1874,12,43
364,364,1110,5,51
365,365,2228,13,49
366,366,3065,13,45
367,367,3152,6,57
368,368,1350,16,37
369,369,4851,3,60
370,370,9,7,68
371,371,3500,10,31
372,372,4288,4,40
373,373,1114,12,42
374,374,3492,6,47
375,375,3477,18,36
376,376,4588,7,34
377,377,677,2,42
378,378,2773,8,53
379,379,1384,18,47
380,380,2243,13,23
381,381,499,3,60
382,382,1641,13,31
383,383,1855,7,21
384,384,4250,1,44
385,385,1070,18,43
386,386,4277,16,50
387,387,1596,11,23
388,388,3828,17,63
389,389,4322,5,53
390,390,3104,6,25
391,391,347,14,50
392,392,2223,14,58
393,393,829,19,69
394,394,1630,5,43
395,395,3202,18,44
396,396,1687,11,24
397,397,4348,12,29
398,398,1476,19,37
399,399,1445,17,48
400,400,2699,17,30
401,401,3429,2,68
402,402,3907,6,49
403,403,624,19,62
404,404,158,6,24
405,405,569,1,25
406,406,4055,14,33
407,407,3617,2,35
408,408,3905,12,33
409,409,4105,17,52
410,410,4605,4,56
411,411,4640,4,24
412,412,2637,7,59
413,413,2040,13,33
414,414,2861,17,59
415,415,4191,14,28
416,416,1301,17,46
417,417,2970,16,22
418,418,3033,16,29
419,419,4213,6,67
420,420,1480,2,30
421,421,4456,17,53
422,422,3955,2,20
423,423,2373,18,29
424,424,1944,12,25
425,425,74,4,27
426,426,3904,9,50
427,427,1443,11,25
428,428,3990,17,50
429,429,4903,13,53
430,430,3895,19,59
431,431,3814,8,48
432,432,1287,5,22
433,433,551,10,41
434,434,2452,15,31
435,435,2152,19,57
436,436,3512,9,38
437,437,1888,16,26
438,438,2191,16,42
439,439,2762,8,32
440,440,4303,3,23
441,441,2594,3,40
442,442,824,10,33
443,443,1107,12,55
444,444,2220,15,69
445,445,3770,15,26
446,446,362,19,32
447,447,4138,14,54
448,448,1764,11,68
449,449,4596,6,52
450,450,4228,12,30
451,451,2958,18,58
452,452,2473,2,44
453,453,1077,16,65
454,454,1421,4,58
455,455,464,4,43
456,456,1379,17,41
457,457,2241,10,62
458,458,4090,18,67
459,459,2435,19,68
460,460,4753,11,65
461,461,1796,14,41
462,462,3897,4,34
463,463,795,16,37
464,464,3068,3,63
465,465,3288,11,64
466,466,1300,5,51
467,467,4204,2,55
468,468,4352,12,29
469,469,2438,13,28
470,470,725,2,63
471,471,1233,5,44
472,472,3083,19,23
473,473,3218,5,57
474,474,3107,3,65
475,475,1591,19,55
476,476,540,19,61
477,477,109,11,56
478,478,2072,12,58
479,479,1697,19,26
480,480,4595,10,61
481,481,3038,17,45
482,482,2420,12,39
483,483,1189,3,64
484,484,50,8,66
485,485,3695,8,40
486,486,3597,13,24
487,487,71,13,49
488,488,1955,10,67
489,489,492,15,57
490,490,474,16,55
491,491,4082,13,57
492,492,4120,11,42
493,493,469,12,42
494,494,1461,14,67
495,495,4310,3,25
496,496,4243,15,62
497,497,1710,11,65
498,498,3501,3,42
499,499,1440,18,34
500,500,1029,8,20
501,501,844,8,55
502,502,872,13,58
503,503,2898,6,47
504,504,723,10,29
505,505,2831,15,52
506,506,3401,5,65
507,507,3312,1,43
508,508,2875,8,25
509,509,2004,2,33
510,510,2052,1,51
511,511,1738,16,38
512,512,4136,5,25
513,513,2625,19,39
514,514,1287,11,44
515,515,577,8,39
516,516,788,4,57
517,517,1568,14,30
518,518,1889,17,51
519,519,164,9,48
520,520,402,4,49
521,521,2533,2,48
522,522,353,10,41
523,523,673,19,30
524,524,2885,9,68
525,525,3154,16,39
526,526,265,17,60
527,527,1066,2,33
528,528,3455,19,46
529,529,207,2,57
530,530,4206,16,23
531,531,3502,16,26
532,532,408,14,49
533,533,4936,1,29
534,534,1660,9,26
535,535,2757,15,24
536,536,279,15,23
537,537,1890,11,66
538,538,51,5,55
539,539,4527,8,34
540,540,3865,7,58
541,541,2599,6,57
542,542,324,7,55
543,543,4014,19,21
544,544,4061,14,34
545,545,2423,11,39
546,546,4970,19,53
547,547,1805,14,32
548,548,4644,19,44
549,549,1445,6,33
550,550,4472,1,60
551,551,2157,14,67
552,552,1779,12,28
553,553,2539,12,68
554,554,3295,9,54
555,555,2597,9,41
556,556,1729,14,24
557,557,3669,2,63
558,558,2281,14,56
559,559,1575,7,33
560,560,2602,15,36
561,561,963,8,24
562,562,1330,19,32
563,563,3525,2,66
564,564,4203,1,50
565,565,1249,19,68
566,566,1554,8,29
567,567,60,7,67
568,568,3214,18,42
569,569,118,19,48
570,570,286,13,35
571,571,1693,16,36
572,572,19,11,26
573,573,1006,10,62
574,574,3694,19,33
575,575,4212,5,63
576,576,3337,12,28
577,577,121,4,26
578,578,2670,16,33
579,579,2534,2,35
580,580,4767,4,29
581,581,4191,16,24
582,582,3471,11,26
583,583,2594,6,41
584,584,4921,11,43
585,585,4711,10,59
586,586,4406,15,61
587,587,4773,7,41
588,588,4264,15,54
589,589,2580,1,65
590,590,1133,8,22
591,591,199,5,66
592,592,402,6,61
593,593,4280,4,26
594,594,3802,15,38
595,595,17,4,61
596,596,4650,3,65
597,597,3015,16,27
598,598,1045,16,42
599,599,1175,8,39
600,600,1840,6,52
601,601,1339,13,25
602,602,640,9,34
603,603,458,9,24
604,604,1006,11,33
605,605,1076,8,28
606,606,806,13,45
607,607,4481,19,51
608,608,4683,1,50
609,609,863,17,25
610,610,3884,6,20
611,611,3160,12,38
612,612,1455,4,34
613,613,2629,16,53
614,614,1194,3,38
615,615,4762,17,68
616,616,2865,18,30
617,617,2154,18,37
618,618,327,18,43
619,619,1894,8,65
620,620,4361,8,28
621,621,322,13,30
622,622,2364,12,62
623,623,4204,15,23
624,624,1829,10,37
625,625,3581,9,63
626,626,2589,3,42
627,627,3042,10,60
628,628,1551,17,56
629,629,238,15,20
630,630,1033,10,44
631,631,2384,14,28
632,632,3394,16,58
633,633,2049,6,20
634,634,121,7,36
635,635,3081,10,22
636,636,4409,19,42
637,637,184,18,20
638,638,3732,9,43
639,639,4985,2,32
640,640,1794,9,39
641,641,4865,4,39
642,642,330,11,31
643,643,2519,17,36
644,644,4918,3,40
645,645,1043,15,59
646,646,1304,2,43
647,647,4223,16,49
648,648,1353,4,42
649,649,2748,18,42
650,650,4112,10,66
651,651,2701,6,36
652,652,6,11,21
653,653,3759,10,61
654,654,2063,1,43
655,655,1664,16,52
656,656,1570,5,64
657,657,386,9,63
658,658,4858,17,34
659,659,2922,4,51
660,660,2286,2,61
661,661,2974,2,53
662,662,3891,5,41
663,663,1267,2,50
664,664,215,13,34
665,665,3827,5,39
666,666,2995,1,61
667,667,1838,15,42
668,668,3624,19,50
669,669,2792,14,21
670,670,145,12,32
671,671,2533,2,61
672,672,837,1,51
673,673,4601,3,68
674,674,3669,11,35
675,675,1346,17,34
676,676,1782,5,44
677,677,3991,17,31
678,678,4559,18,47
679,679,2199,3,60
680,680,3207,15,31
681,681,2987,16,40
682,682,1214,15,31
683,683,3106,17,68
684,684,3430,18,35
685,685,369,8,29
686,686,172,14,29
687,687,3142,4,21
688,688,720,10,46
689,689,2487,7,49
690,690,4779,1,52
691,691,4207,7,35
692,692,3328,12,29
693,693,1446,4,34
694,694,156,7,45
695,695,3257,15,34
696,696,4809,2,25
697,697,3674,2,36
698,698,1882,5,64
699,699,1527,3,20
700,700,3397,16,69
701,701,4031,4,42
702,702,3449,15,53
703,703,1818,17,54
704,704,503,11,62
705,705,1899,4,44
706,706,457,4,20
707,707,2455,4,44
708,708,4788,19,57
709,709,1609,2,35
710,710,3530,16,66
711,711,966,13,60
712,712,257,8,31
713,713,1158,19,29
714,714,952,2,46
715,715,1772,17,58
716,716,4483,12,61
717,717,621,14,26
718,718,4522,12,25
719,719,3209,13,64
720,720,849,10,30
721,721,3643,4,43
722,722,4390,7,59
723,723,3114,2,44
724,724,1784,15,56
725,725,782,4,22
726,726,3966,9,23
727,727,289,6,23
728,728,1940,17,60
729,729,2627,7,20
730,730,3412,16,49
731,731,323,17,34
732,732,2374,8,64
733,733,2781,3,50
734,734,2783,6,56
735,735,4263,18,69
736,736,3441,11,24
737,737,4181,6,62
738,738,4211,13,40
739,739,3884,9,54
740,740,865,8,23
741,741,4554,13,26
742,742,372,14,48
743,743,4355,1,55
744,744,1998,5,54
745,745,2864,6,51
746,746,4321,9,61
747,747,3930,13,30
748,748,2532,1,69
749,749,3356,6,52
750,750,4444,7,60
751,751,4795,10,36
752,752,1398,4,31
753,753,413,18,20
754,754,1442,16,42
755,755,2881,19,26
756,756,4378,11,33
757,757,1267,17,60
758,758,4759,2,63
759,759,4295,7,59
760,760,2838,9,26
761,761,1455,14,33
762,762,4323,17,53
763,763,1007,15,21
764,764,1220,7,39
765,765,4829,7,36
766,766,2917,14,29
767,767,228,9,24
768,768,2386,9,52
769,769,4706,17,56
770,770,1551,2,55
771,771,3058,12,63
772,772,1918,16,65
773,773,114,2,30
774,774,2152,15,40
775,775,428,6,23
776,776,4599,11,44
777,777,3379,17,60
778,778,1217,4,54
779,779,1945,19,54
780,780,957,5,54
781,781,145,12,58
782,782,609,19,52
783,783,2106,1,32
784,784,4774,11,23
785,785,4219,6,63
786,786,2283,4,59
787,787,2539,17,57
788,788,1954,12,61
789,789,1827,10,64
790,790,4028,14,49
791,791,2343,7,46
792,792,500,11,54
793,793,2734,3,47
794,794,4440,8,60
795,795,4878,5,61
796,796,47,4,64
797,797,4710,13,67
798,798,4881,4,27
799,799,1188,6,45
800,800,4266,2,62
801,801,594,5,53
802,802,1671,15,48
803,803,2871,8,21
804,804,512,2,25
805,805,1144,5,67
806,806,2077,9,35
807,807,3011,8,26
808,808,2210,14,30
809,809,3746,16,35
810,810,3039,2,25
811,811,559,3,56
812,812,1760,4,28
813,813,3706,15,22
814,814,3226,5,48
815,815,1405,15,27
816,816,2698,18,59
817,817,1817,13,36
818,818,3304,11,57
819,819,2161,10,63
820,820,3931,4,25
821,821,651,5,66
822,822,4498,1,30
823,823,3336,13,29
824,824,3855,14,21
825,825,1613,16,48
826,826,4068,13,25
827,827,4477,15,68
828,828,2126,9,28
829,829,2031,3,21
830,830,3288,2,23
831,831,4727,12,60
832,832,2277,18,59
833,833,3887,4,49
834,834,4000,15,23
835,835,3754,1,20
836,836,1120,8,62
837,837,2533,17,30
838,838,677,5,26
839,839,3055,7,37
840,840,1264,3,27
841,841,3995,6,49
842,842,3345,13,34
843,843,3118,16,29
844,844,2639,17,65
845,845,3061,6,21
846,846,4770,5,61
847,847,2307,18,34
848,848,3736,4,41
849,849,1082,12,53
850,850,1228,16,68
851,851,1481,11,22
852,852,1902,11,23
853,853,3002,6,44
854,854,422,16,24
855,855,3121,6,31
856,856,1835,9,43
857,857,2491,18,38
858,858,4117,1,51
859,859,397,18,31
860,860,1113,19,56
861,861,2976,9,66
862,862,1813,14,46
863,863,2527,12,37
864,864,3208,10,44
865,865,7,9,42
866,866,4836,12,22
867,867,99,5,21
868,868,1491,19,30
869,869,2747,10,65
870,870,4226,2,56
871,871,4114,6,49
872,872,4815,5,32
873,873,3216,1,59
874,874,2316,18,25
875,875,2412,15,31
876,876,1494,2,58
877,877,988,15,62
878,878,4598,11,27
879,879,2052,13,28
880,880,4556,15,23
881,881,3035,10,56
882,882,2218,17,55
883,883,2857,5,51
884,884,3472,1,31
885,885,608,19,37
886,886,2596,12,50
887,887,1297,7,66
888,888,2514,2,59
889,889,2395,15,62
890,890,2951,13,65
891,891,1910,7,58
892,892,2473,14,48
893,893,870,16,67
894,894,2678,9,59
895,895,252,19,48
896,896,3897,5,46
897,897,99,10,30
898,898,1313,8,52
899,899,4859,14,68
900,900,4696,11,58
901,901,3864,1,37
902,902,585,10,63
903,903,1040,2,39
904,904,4205,7,47
905,905,4183,17,41
906,906,2415,5,51
907,907,657,10,40
908,908,1370,5,56
909,909,3518,5,46
910,910,3341,9,57
911,911,4999,11,45
912,912,2578,15,42
913,913,3117,5,53
914,914,408,17,31
915,915,1975,19,30
916,916,1312,14,55
917,917,3079,2,51
918,918,276,14,58
919,919,2938,4,56
920,920,4462,3,62
921,921,2916,15,35
922,922,4785,16,61
923,923,4698,10,50
924,924,3028,18,60
925,925,735,19,25
926,926,136,2,32
927,927,1754,10,55
928,928,1786,2,30
929,929,2930,16,30
930,930,4516,5,67
931,931,24,4,39
932,932,1265,17,48
933,933,3720,13,38
934,934,2561,12,49
935,935,2378,17,25
936,936,3695,9,36
937,937,3543,1,37
938,938,458,1,55
939,939,2790,2,37
940,940,4173,14,62
941,941,3134,5,31
942,942,3619,1,61
943,943,2223,1,22
944,944,1952,15,66
945,945,2495,1,37
946,946,1671,16,35
947,947,1158,10,58
948,948,2985,5,62
949,949,4048,2,47
950,950,524,14,61
951,951,3525,11,28
952,952,1978,19,39
953,953,899,19,37
954,954,100,19,44
955,955,3627,3,40
956,956,2824,11,64
957,957,1677,16,45
958,958,4280,17,42
959,959,1171,4,29
960,960,4375,15,63
961,961,2347,11,32
962,962,2328,16,56
963,963,4483,4,31
964,964,225,5,55
965,965,4494,19,22
966,966,4051,16,33
967,967,1441,19,54
968,968,4951,16,53
969,969,155,1,59
970,970,4748,3,48
971,971,1070,2,49
972,972,4807,10,26
973,973,4324,6,21
974,974,302,8,37
975,975,3216,6,45
976,976,2618,19,36
977,977,427,16,65
978,978,4571,4,31
979,979,1438,16,69
980,980,1068,9,51
981,981,2908,9,68
982,982,2443,8,48
983,983,3942,5,67
984,984,4374,17,29
985,985,1940,16,55
986,986,2973,18,21
987,987,4954,6,56
988,988,4031,10,33
989,989,3788,16,29
990,990,738,19,59
991,991,2096,8,20
992,992,741,18,60
993,993,1884,5,40
994,994,945,13,24
995,995,3782,15,28
996,996,1728,6,28
997,997,1336,2,37
998,998,2630,15,24
999,999,4003,11,35
1000,1000,1557,5,53
1001,1001,3631,10,23
1002,1002,4329,18,40
1003,1003,4841,12,69
1004,1004,4881,17,56
1005,1005,4861,17,59
1006,1006,711,4,63
1007,1007,1818,19,33
1008,1008,1034,18,46
1009,1009,1361,10,68
1010,1010,2691,14,31
1011,1011,3387,13,46
1012,1012,2128,14,53
1013,1013,2096,4,23
1014,1014,91,4,62
1015,1015,1669,4,63
1016,1016,4792,11,21
1017,1017,4006,1,61
1018,1018,4050,6,61
1019,1019,2124,5,51
1020,1020,3157,5,21
1021,1021,263,12,41
1022,1022,4497,15,38
1023,1023,1258,6,45
1024,1024,216,12,39
1025,1025,1198,14,55
1026,1026,903,11,37
1027,1027,1553,8,69
1028,1028,2935,7,33
1029,1029,1833,6,39
1030,1030,2368,13,64
1031,1031,1875,6,43
1032,1032,2093,2,66
1033,1033,3437,11,66
1034,1034,4974,8,50
1035,1035,904,4,55
1036,1036,4443,7,34
1037,1037,2860,15,65
1038,1038,2375,19,26
1039,1039,1142,10,68
1040,1040,1104,3,42
1041,1041,4697,10,48
1042,1042,4653,19,60
1043,1043,4852,3,23
1044,1044,393,18,50
1045,1045,3360,5,37
1046,1046,1813,1,64
1047,1047,3421,6,50
1048,1048,4729,7,66
1049,1049,4631,2,55
1050,1050,3784,17,37
1051,1051,526,3,29
1052,1052,2519,2,26
1053,1053,4059,18,57
1054,1054,4853,14,64
1055,1055,291,16,47
1056,1056,3704,12,37
1057,1057,3606,18,50
1058,1058,1711,8,28
1059,1059,3168,1,62
1060,1060,493,3,35
1061,1061,1439,7,59
1062,1062,3753,2,44
1063,1063,868,16,56
1064,1064,3816,9,49
1065,1065,4558,3,66
1066,1066,496,19,21
1067,1067,26,14,24
1068,1068,766,15,61
1069,1069,3027,16,49
1070,1070,3450,19,38
1071,1071,3431,15,33
1072,1072,2444,14,46
1073,1073,3951,5,49
1074,1074,1903,7,64
1075,1075,4946,3,33
1076,1076,3330,2,50
1077,1077,334,16,55
1078,1078,1428,2,58
1079,1079,1466,3,69
1080,1080,2196,12,49
1081,1081,3618,1,57
1082,1082,572,15,66
1083,1083,802,1,30
1084,1084,1189,1,36
1085,1085,195,15,29
1086,1086,4579,3,35
1087,1087,127,14,30
1088,1088,4321,10,58
1089,1089,2835,3,47
1090,1090,3295,18,40
1091,1091,2612,4,47
1092,1092,4652,17,42
1093,1093,1622,4,65
1094,1094,4251,15,20
1095,1095,4700,11,68
1096,1096,3733,3,32
1097,1097,3028,7,27
1098,1098,2397,10,38
1099,1099,2453,19,43
1100,1100,810,8,59
1101,1101,225,15,68
1102,1102,4400,13,56
1103,1103,3118,3,44
1104,1104,220,15,62
1105,1105,2126,10,45
1106,1106,2026,15,65
1107,1107,3892,14,61
1108,1108,278,9,46
1109,1109,529,15,51
1110,1110,481,14,63
1111,1111,3174,15,22
1112,1112,2842,14,60
1113,1113,4775,10,62
1114,1114,1983,12,28
1115,1115,2777,14,20
1116,1116,1715,15,37
1117,1117,1182,12,22
1118,1118,4649,2,33
1119,1119,2098,19,51
1120,1120,1820,17,23
1121,1121,2804,15,56
1122,1122,2114,10,40
1123,1123,2674,11,61
1124,1124,2987,14,46
1125,1125,416,9,24
1126,1126,3161,3,22
1127,1127,2570,1,41
1128,1128,3983,6,39
1129,1129,2547,6,60
1130,1130,2449,5,63
1131,1131,3775,4,21
1132,1132,2614,3,62
1133,1133,1687,13,20
1134,1134,839,4,42
1135,1135,932,7,67
1136,1136,2310,19,44
1137,1137,4546,11,45
1138,1138,4973,10,22
1139,1139,2080,19,50
1140,1140,3948,19,46
1141,1141,4165,5,32
1142,1142,83,1,66
1143,1143,770,11,52
1144,1144,811,13,44
1145,1145,471,8,35
1146,1146,3624,16,66
1147,1147,3246,9,57
1148,1148,2196,4,45
1149,1149,122,19,66
1150,1150,1891,7,37
1151,1151,2555,12,36
1152,1152,1934,9,65
1153,1153,4785,13,44
1154,1154,1411,12,45
1155,1155,4629,9,37
1156,1156,317,12,68
1157,1157,4245,16,20
1158,1158,505,13,65
1159,1159,2826,3,26
1160,1160,1883,6,49
1161,1161,2543,14,52
1162,1162,3509,2,44
1163,1163,433,3,44
1164,1164,592,16,46
1165,1165,2745,8,54
1166,1166,601,6,62
1167,1167,3480,3,37
1168,1168,3631,5,49
1169,1169,2024,4,33
1170,1170,3154,6,54
1171,1171,2453,2,53
1172,1172,1148,3,39
1173,1173,4360,8,34
1174,1174,659,15,26
1175,1175,1115,10,32
1176,1176,996,15,55
1177,1177,2964,6,59
1178,1178,361,12,53
1179,1179,3785,8,32
1180,1180,2263,6,23
1181,1181,1709,16,32
1182,1182,4021,15,67
1183,1183,4274,15,63
1184,1184,1180,8,32
1185,1185,3642,19,42
1186,1186,1055,14,48
1187,1187,4736,16,52
1188,1188,3899,12,42
1189,1189,2276,3,22
1190,1190,4212,5,51
1191,1191,4555,13,22
1192,1192,3596,15,31
1193,1193,322,8,23
1194,1194,2920,14,52
1195,1195,2473,15,51
1196,1196,3938,19,36
1197,1197,4279,8,28
1198,1198,3909,10,24
1199,1199,4613,13,40
1200,1200,3063,4,22
1201,1201,3724,11,58
1202,1202,4397,2,22
1203,1203,2716,19,56
1204,1204,2304,18,63
1205,1205,2728,6,54
1206,1206,3705,14,52
1207,1207,2429,18,22
1208,1208,3380,11,67
1209,1209,4619,7,37
1210,1210,690,15,22
1211,1211,2171,1,48
1212,1212,4575,10,56
1213,1213,4093,9,24
1214,1214,4656,16,28
1215,1215,4564,16,31
1216,1216,2438,17,35
1217,1217,2801,12,46
1218,1218,2304,7,28
1219,1219,213,2,69
1220,1220,4995,3,62
1221,1221,1321,6,41
1222,1222,2268,19,36
1223,1223,2588,8,20
1224,1224,4519,4,22
1225,1225,1215,7,24
1226,1226,129,4,41
1227,1227,4257,18,20
1228,1228,1057,7,66
1229,1229,4107,1,68
1230,1230,2555,5,23
1231,1231,3287,10,41
1232,1232,1778,14,43
1233,1233,3868,1,51
1234,1234,1782,12,65
1235,1235,1839,19,21
1236,1236,1425,2,55
1237,1237,4938,14,24
1238,1238,2441,3,26
1239,1239,1107,19,55
1240,1240,3003,3,59
1241,1241,3406,13,62
1242,1242,813,17,27
1243,1243,3233,3,55
1244,1244,4203,14,62
1245,1245,3052,2,31
1246,1246,3878,13,47
1247,1247,2883,9,21
1248,1248,360,10,66
1249,1249,2198,8,33
1250,1250,99,7,38
1251,1251,2704,1,40
1252,1252,3743,8,49
1253,1253,812,8,68
1254,1254,2511,6,67
1255,1255,1921,18,56
1256,1256,1876,4,40
1257,1257,4695,11,47
1258,1258,1241,16,52
1259,1259,2799,12,61
1260,1260,3071,4,26
1261,1261,685,9,61
1262,1262,2240,1,35
1263,1263,899,6,56
1264,1264,1688,1,44
1265,1265,1832,8,57
1266,1266,2482,13,63
1267,1267,4426,19,57
1268,1268,2575,4,61
1269,1269,21,7,61
1270,1270,4412,18,64
1271,1271,3293,10,49
1272,1272,618,15,36
1273,1273,4841,13,35
1274,1274,1089,18,23
1275,1275,149,12,49
1276,1276,4378,15,39
1277,1277,113,8,54
1278,1278,1070,11,24
1279,1279,2494,3,64
1280,1280,1094,14,33
1281,1281,2230,8,60
1282,1282,3972,6,60
1283,1283,981,1,59
1284,1284,2358,10,47
1285,1285,3281,2,29
1286,1286,4439,8,49
1287,1287,3052,14,69
1288,1288,4094,1,51
1289,1289,2596,7,31
1290,1290,1972,1,64
1291,1291,4486,5,35
1292,1292,2982,18,45
1293,1293,4385,17,54
1294,1294,4663,17,60
1295,1295,2583,13,35
1296,1296,3965,4,36
1297,1297,4085,16,67
1298,1298,4861,17,42
1299,1299,4652,18,61
1300,1300,1124,2,41
1301,1301,1052,12,69
1302,1302,4672,10,40
1303,1303,816,9,53
1304,1304,979,4,65
1305,1305,2859,15,24
1306,1306,683,10,57
1307,1307,3656,9,50
1308,1308,2603,7,52
1309,1309,781,11,66
1310,1310,4600,2,22
1311,1311,1443,16,38
1312,1312,4501,6,37
1313,1313,2760,8,47
1314,1314,2202,18,34
1315,1315,2262,11,69
1316,1316,3634,4,52
1317,1317,3121,4,47
1318,1318,2546,10,65
1319,1319,4042,16,68
1320,1320,1371,3,27
1321,1321,2390,12,59
1322,1322,2829,17,68
1323,1323,1463,5,49
1324,1324,554,3,20
1325,1325,2573,16,26
1326,1326,716,19,33
1327,1327,4296,4,40
1328,1328,3390,9,25
1329,1329,3743,4,36
1330,1330,4045,10,33
1331,1331,3164,17,26
1332,1332,3652,16,34
1333,1333,3136,7,27
1334,1334,2834,15,67
1335,1335,3496,18,29
1336,1336,1338,6,48
1337,1337,2422,15,60
1338,1338,4132,11,38
1339,1339,3012,5,21
1340,1340,2660,16,27
1341,1341,1165,12,49
1342,1342,2736,4,62
1343,1343,4814,2,55
1344,1344,4714,16,69
1345,1345,4719,8,37
1346,1346,179,17,21
1347,1347,1038,9,24
1348,1348,3835,6,65
1349,1349,4779,4,32
1350,1350,4806,13,59
1351,1351,2558,14,30
1352,1352,1840,12,27
1353,1353,3569,3,66
1354,1354,4424,15,57
1355,1355,4813,15,36
1356,1356,3987,15,30
1357,1357,3177,15,45
1358,1358,3314,8,58
1359,1359,492,17,53
1360,1360,4897,14,22
1361,1361,4211,6,69
1362,1362,310,17,44
1363,1363,2599,2,43
1364,1364,1702,11,42
1365,1365,806,16,49
1366,1366,4020,19,65
1367,1367,4208,17,60
1368,1368,1893,6,59
1369,1369,1327,14,46
1370,1370,1918,13,69
1371,1371,2625,7,63
1372,1372,4411,13,63
1373,1373,2242,6,29
1374,1374,1974,2,28
1375,1375,4041,5,21
1376,1376,3979,12,40
1377,1377,1316,15,30
1378,1378,3430,6,29
1379,1379,2573,1,44
1380,1380,611,11,59
1381,1381,2868,12,24
1382,1382,1490,3,41
1383,1383,204,19,24
1384,1384,3390,13,28
1385,1385,1400,11,30
1386,1386,2268,7,63
1387,1387,1373,12,24
1388,1388,1257,18,25
1389,1389,2348,16,52
1390,1390,3204,8,35
1391,1391,1695,13,65
1392,1392,2683,17,43
1393,1393,2993,4,33
1394,1394,234,9,43
1395,1395,2138,9,64
1396,1396,3576,10,31
1397,1397,2807,11,42
1398,1398,1928,1,58
1399,1399,4851,17,25
1400,1400,1958,7,60
1401,1401,1494,11,40
1402,1402,932,13,67
1403,1403,48,6,28
1404,1404,2271,8,65
1405,1405,2761,10,60
1406,1406,4562,14,55
1407,1407,2065,12,60
1408,1408,679,11,59
1409,1409,3946,7,65
1410,1410,1591,13,24
1411,1411,2519,2,67
1412,1412,829,3,61
1413,1413,1567,1,50
1414,1414,1568,6,54
1415,1415,3335,1,60
1416,1416,206,2,22
1417,1417,1806,10,38
1418,1418,480,12,38
1419,1419,2121,5,20
1420,1420,1462,9,41
1421,1421,2630,12,38
1422,1422,2767,8,45
1423,1423,1438,10,34
1424,1424,1943,14,38
1425,1425,3743,15,44
1426,1426,2806,8,58
1427,1427,2828,9,50
1428,1428,771,5,49
1429,1429,67,1,52
1430,1430,1446,11,35
1431,1431,2902,4,59
1432,1432,2419,6,31
1433,1433,364,17,47
1434,1434,4496,4,49
1435,1435,2898,5,25
1436,1436,260,14,61
1437,1437,3860,18,33
1438,1438,1069,3,24
1439,1439,3935,11,55
1440,1440,4994,15,42
1441,1441,1311,7,51
1442,1442,1443,4,50
1443,1443,1329,6,33
1444,1444,229,10,51
1445,1445,4846,7,68
1446,1446,1210,3,46
1447,1447,1971,15,20
1448,1448,4222,16,68
1449,1449,4228,3,28
1450,1450,3233,12,35
1451,1451,1726,5,54
1452,1452,1617,5,29
1453,1453,1898,1,68
1454,1454,4442,6,35
1455,1455,1963,15,49
1456,1456,2132,13,52
1457,1457,2483,7,34
1458,1458,1451,18,58
1459,1459,4281,19,27
1460,1460,1256,6,23
1461,1461,401,8,63
1462,1462,1748,3,21
1463,1463,1983,17,26
1464,1464,1976,14,57
1465,1465,3654,14,53
1466,1466,3465,2,44
1467,1467,2415,4,26
1468,1468,3183,9,44
1469,1469,2309,16,21
1470,1470,1088,1,45
1471,1471,3875,2,55
1472,1472,2548,12,67
1473,1473,3161,16,57
1474,1474,1393,15,61
1475,1475,1516,19,65
1476,1476,2694,6,22
1477,1477,2904,19,65
1478,1478,3959,15,48
1479,1479,4501,4,30
1480,1480,4464,16,62
1481,1481,221,11,40
1482,1482,3013,7,62
1483,1483,1271,2,23
1484,1484,4269,7,24
1485,1485,4219,12,25
1486,1486,1753,14,41
1487,1487,636,15,65
1488,1488,2864,7,58
1489,1489,2738,18,25
1490,1490,2697,11,33
1491,1491,4090,10,41
1492,1492,1500,14,35
1493,1493,3262,3,51
1494,1494,501,18,55
1495,1495,1657,12,69
1496,1496,3359,1,26
1497,1497,1897,13,42
1498,1498,2109,2,33
1499,1499,1162,15,66
1500,1500,126,11,25
1501,1501,3776,6,61
1502,1502,4288,6,44
1503,1503,1970,12,22
1504,1504,3286,16,32
1505,1505,2241,16,69
1506,1506,589,10,22
1507,1507,3095,17,50
1508,1508,743,2,22
1509,1509,3228,13,36
1510,1510,1117,17,58
1511,1511,826,9,21
1512,1512,1704,15,24
1513,1513,2657,7,28
1514,1514,1154,13,48
1515,1515,2273,10,54
1516,1516,3944,18,59
1517,1517,2396,10,55
1518,1518,1135,18,54
1519,1519,1506,14,69
1520,1520,2245,19,49
1521,1521,2239,1,34
1522,1522,3136,4,48
1523,1523,4590,14,44
1524,1524,169,5,30
1525,1525,177,5,56
1526,1526,1169,14,67
1527,1527,587,8,23
1528,1528,55,12,62
1529,1529,2735,17,31
1530,1530,3746,3,51
1531,1531,136,4,24
1532,1532,538,5,61
1533,1533,2210,1,61
1534,1534,2208,2,56
1535,1535,2566,5,56
1536,1536,1729,19,44
1537,1537,4411,5,23
1538,1538,708,13,43
1539,1539,1241,5,55
1540,1540,4360,8,21
1541,1541,1576,9,54
1542,1542,2990,15,55
1543,1543,4558,3,27
1544,1544,1185,1,28
1545,1545,4410,7,47
1546,1546,4980,13,59
1547,1547,4227,3,63
1548,1548,4763,10,29
1549,1549,4161,18,24
1550,1550,569,16,56
1551,1551,1443,9,66
1552,1552,2017,15,50
1553,1553,947,14,48
1554,1554,2833,19,22
1555,1555,4045,6,45
1556,1556,52,7,50
1557,1557,3660,5,21
1558,1558,2385,13,34
1559,1559,4235,5,32
1560,1560,4488,14,47
1561,1561,234,1,63
1562,1562,4528,1,33
1563,1563,4384,9,31
1564,1564,1130,9,34
1565,1565,4704,15,40
1566,1566,2552,5,48
1567,1567,4729,7,64
1568,1568,616,2,54
1569,1569,1925,11,66
1570,1570,3929,10,39
1571,1571,2346,19,37
1572,1572,4890,5,57
1573,1573,2773,15,34
1574,1574,919,2,31
1575,1575,3243,11,53
1576,1576,4856,4,24
1577,1577,4922,17,36
1578,1578,1952,2,32
1579,1579,274,10,32
1580,1580,2346,11,55
1581,1581,4308,1,35
1582,1582,3074,18,59
1583,1583,956,5,22
1584,1584,2337,5,21
1585,1585,3758,4,44
1586,1586,4062,9,22
1587,1587,4793,19,30
1588,1588,2889,3,30
1589,1589,2719,15,29
1590,1590,597,14,47
1591,1591,2321,1,30
1592,1592,4385,10,68
1593,1593,2240,13,26
1594,1594,4362,12,48
1595,1595,3845,1,20
1596,1596,836,2,34
1597,1597,4774,11,26
1598,1598,992,12,23
1599,1599,4777,1,22
1600,1600,701,10,39
1601,1601,4916,3,22
1602,1602,1634,9,48
1603,1603,3870,17,39
1604,1604,4682,19,29
1605,1605,78,18,54
1606,1606,4988,5,45
1607,1607,3746,7,49
1608,1608,2747,15,45
1609,1609,3286,6,56
1610,1610,1933,5,39
1611,1611,3251,19,61
1612,1612,2619,13,28
1613,1613,2653,7,30
1614,1614,2531,2,52
1615,1615,4926,6,49
1616,1616,1765,15,49
1617,1617,765,5,64
1618,1618,4113,5,42
1619,1619,4248,4,55
1620,1620,461,13,43
1621,1621,4344,18,50
1622,1622,600,1,42
1623,1623,4194,3,61
1624,1624,4635,7,55
1625,1625,296,1,59
1626,1626,4534,14,68
1627,1627,1423,15,53
1628,1628,2020,16,40
1629,1629,665,5,45
1630,1630,3444,3,26
1631,1631,2422,17,44
1632,1632,3679,5,22
1633,1633,559,1,62
1634,1634,2533,13,37
1635,1635,1108,18,25
1636,1636,4762,1,65
1637,1637,4579,19,32
1638,1638,3368,6,21
1639,1639,4935,9,67
1640,1640,106,14,59
1641,1641,3679,11,66
1642,1642,1707,4,32
1643,1643,791,7,20
1644,1644,812,18,21
1645,1645,4946,18,23
1646,1646,170,6,32
1647,1647,4446,5,49
1648,1648,1933,6,63
1649,1649,1752,2,31
1650,1650,449,2,52
1651,1651,2680,1,57
1652,1652,1125,18,62
1653,1653,1393,10,67
1654,1654,1819,7,53
1655,1655,1684,2,22
1656,1656,3602,19,62
1657,1657,1856,10,28
1658,1658,4861,12,26
1659,1659,1289,12,23
1660,1660,2250,15,47
1661,1661,1142,18,61
1662,1662,1049,1,51
1663,1663,2417,6,20
1664,1664,4481,9,32
1665,1665,2322,6,55
1666,1666,4630,6,45
1667,1667,2392,6,32
1668,1668,3393,16,41
1669,1669,4203,15,43
1670,1670,922,8,30
1671,1671,710,2,44
1672,1672,447,11,34
1673,1673,2510,9,64
1674,1674,3288,16,55
1675,1675,2854,2,57
1676,1676,1073,11,53
1677,1677,3689,17,53
1678,1678,3129,6,51
1679,1679,3598,6,57
1680,1680,4435,9,44
1681,1681,4119,1,22
1682,1682,1068,12,62
1683,1683,437,11,66
1684,1684,1093,17,48
1685,1685,594,7,40
1686,1686,2561,4,28
1687,1687,277,9,40
1688,1688,4588,19,40
1689,1689,83,15,26
1690,1690,3384,6,66
1691,1691,468,4,51
1692,1692,998,5,41
1693,1693,2380,13,61
1694,1694,1293,5,30
1695,1695,4096,2,53
1696,1696,1368,11,33
1697,1697,3935,18,67
1698,1698,94,15,60
1699,1699,923,17,41
1700,1700,3142,17,44
1701,1701,1910,19,35
1702,1702,3455,16,52
1703,1703,2630,11,21
1704,1704,1880,17,58
1705,1705,1805,8,63
1706,1706,1159,8,69
1707,1707,3221,12,25
1708,1708,358,15,53
1709,1709,142,4,65
1710,1710,1795,8,67
1711,1711,2879,15,61
1712,1712,2219,5,56
1713,1713,2060,10,41
1714,1714,1079,19,35
1715,1715,502,15,26
1716,1716,886,6,66
1717,1717,2940,9,32
1718,1718,603,6,68
1719,1719,4421,9,69
1720,1720,1965,8,69
1721,1721,3895,16,36
1722,1722,2545,10,22
1723,1723,4412,9,31
1724,1724,1725,8,25
1725,1725,172,14,31
1726,1726,4677,7,30
1727,1727,1302,11,60
1728,1728,84,16,38
1729,1729,1172,17,50
1730,1730,944,8,21
1731,1731,4829,12,64
1732,1732,1787,17,51
1733,1733,4194,15,37
1734,1734,4310,7,23
1735,1735,807,19,41
1736,1736,311,17,33
1737,1737,1761,13,33
1738,1738,2231,8,56
1739,1739,1983,14,48
1740,1740,1357,8,53
1741,1741,3987,14,67
1742,1742,3898,5,25
1743,1743,357,12,62
1744,1744,3163,11,31
1745,1745,4952,4,43
1746,1746,1199,2,64
1747,1747,2702,10,48
1748,1748,4739,10,29
1749,1749,4735,7,65
1750,1750,2312,12,55
1751,1751,2777,16,53
1752,1752,527,10,51
1753,1753,3245,8,51
1754,1754,3331,8,34
1755,1755,365,5,28
1756,1756,4105,4,55
1757,1757,3332,12,41
1758,1758,113,11,32
1759,1759,3791,15,60
1760,1760,2523,13,63
1761,1761,4575,1,33
1762,1762,848,5,45
1763,1763,3808,6,63
1764,1764,2530,13,44
1765,1765,1670,10,41
1766,1766,3667,12,49
1767,1767,4812,3,32
1768,1768,581,11,69
1769,1769,376,15,51
1770,1770,2978,17,56
1771,1771,4542,5,38
1772,1772,4055,5,54
1773,1773,2614,11,68
1774,1774,872,8,48
1775,1775,485,11,26
1776,1776,4773,15,54
1777,1777,3489,9,58
1778,1778,3761,18,25
1779,1779,1711,6,33
1780,1780,1161,6,47
1781,1781,1382,11,20
1782,1782,231,3,65
1783,1783,3187,11,40
1784,1784,3903,3,46
1785,1785,2563,18,41
1786,1786,2032,3,30
1787,1787,112,10,28
1788,1788,3218,4,29
1789,1789,1373,4,62
1790,1790,1232,1,69
1791,1791,4,17,68
1792,1792,3150,6,65
1793,1793,1763,4,68
1794,1794,1721,9,58
1795,1795,4835,10,50
1796,1796,2097,5,51
1797,1797,1133,8,50
1798,1798,1717,18,27
1799,1799,3444,8,59
1800,1800,522,18,24
1801,1801,2973,7,50
1802,1802,2424,8,26
1803,1803,635,7,64
1804,1804,649,19,66
1805,1805,3162,11,33
1806,1806,1173,11,44
1807,1807,4819,3,40
1808,1808,367,13,66
1809,1809,3784,10,48
1810,1810,2885,6,65
1811,1811,3989,3,64
1812,1812,4715,10,50
1813,1813,2517,2,23
1814,1814,4308,1,60
1815,1815,4361,12,65
1816,1816,625,4,48
1817,1817,3418,11,68
1818,1818,1804,1,20
1819,1819,1235,16,51
1820,1820,1107,6,20
1821,1821,762,15,23
1822,1822,349,10,39
1823,1823,896,8,59
1824,1824,1952,17,56
1825,1825,331,13,33
1826,1826,3548,9,33
1827,1827,3552,6,21
1828,1828,3144,17,40
1829,1829,923,2,48
1830,1830,1519,18,31
1831,1831,3451,16,37
1832,1832,3339,6,57
1833,1833,2287,3,60
1834,1834,5,3,51
1835,1835,4767,14,60
1836,1836,47,10,41
1837,1837,3439,10,55
1838,1838,1050,2,61
1839,1839,299,7,31
1840,1840,61,14,40
1841,1841,3494,17,27
1842,1842,2432,17,47
1843,1843,3488,10,41
1844,1844,4030,3,35
1845,1845,1825,17,31
1846,1846,756,13,68
1847,1847,576,16,36
1848,1848,2225,3,40
1849,1849,4189,15,26
1850,1850,1551,7,39
1851,1851,534,13,55
1852,1852,1992,7,60
1853,1853,864,11,63
1854,1854,4508,14,32
1855,1855,1055,11,60
1856,1856,3027,19,48
1857,1857,2400,7,62
1858,1858,3284,2,56
1859,1859,1209,3,27
1860,1860,1611,2,39
1861,1861,3243,5,63
1862,1862,4328,18,67
1863,1863,1098,16,29
1864,1864,253,3,34
1865,1865,2953,15,31
1866,1866,3370,13,65
1867,1867,3146,6,64
1868,1868,434,16,35
1869,1869,1957,11,61
1870,1870,2789,14,27
1871,1871,1223,15,39
1872,1872,2772,5,33
1873,1873,84,6,56
1874,1874,712,15,45
1875,1875,3046,19,57
1876,1876,217,11,60
1877,1877,4016,6,64
1878,1878,2559,11,48
1879,1879,2306,8,32
1880,1880,2277,12,53
1881,1881,4394,17,41
1882,1882,2666,1,64
1883,1883,505,10,45
1884,1884,3775,14,53
1885,1885,4747,7,66
1886,1886,3836,18,43
1887,1887,1748,9,40
1888,1888,1785,16,50
1889,1889,1609,10,31
1890,1890,2221,12,61
1891,1891,941,9,43
1892,1892,4258,14,40
1893,1893,4703,2,23
1894,1894,4954,10,44
1895,1895,1913,10,27
1896,1896,1772,2,55
1897,1897,4116,6,53
1898,1898,402,11,69
1899,1899,4808,9,69
1900,1900,3445,3,65
1901,1901,2356,19,46
1902,1902,1561,11,47
1903,1903,1514,4,48
1904,1904,3348,15,48
1905,1905,1350,12,29
1906,1906,3088,4,63
1907,1907,2231,15,51
1908,1908,4964,17,27
1909,1909,1792,18,36
1910,1910,3918,5,31
1911,1911,4120,10,45
1912,1912,2284,9,22
1913,1913,2898,18,61
1914,1914,1801,12,30
1915,1915,2551,8,33
1916,1916,4351,11,26
1917,1917,4473,4,45
1918,1918,4045,9,56
1919,1919,3387,4,52
1920,1920,1133,18,63
1921,1921,3347,14,67
1922,1922,1342,14,51
1923,1923,2815,1,57
1924,1924,3317,9,39
1925,1925,422,6,29
1926,1926,131,18,34
1927,1927,4315,11,34
1928,1928,1609,7,25
1929,1929,197,8,44
1930,1930,4714,3,20
1931,1931,1636,11,25
1932,1932,2744,11,32
1933,1933,4940,2,30
1934,1934,1395,15,43
1935,1935,1119,15,39
1936,1936,2437,5,45
1937,1937,1836,8,44
1938,1938,2563,16,31
1939,1939,47,12,65
1940,1940,4847,14,28
1941,1941,1052,13,64
1942,1942,687,9,55
1943,1943,1611,7,28
1944,1944,2910,17,52
1945,1945,758,2,59
1946,1946,54,8,53
1947,1947,2131,13,43
1948,1948,1936,8,64
1949,1949,1889,18,64
1950,1950,3639,13,52
1951,1951,2334,8,52
1952,1952,2022,16,48
1953,1953,1604,3,57
1954,1954,444,15,67
1955,1955,3682,10,68
1956,1956,1553,18,32
1957,1957,4365,19,37
1958,1958,908,2,54
1959,1959,3452,10,66
1960,1960,1056,16,21
1961,1961,2141,8,44
1962,1962,2850,7,25
1963,1963,595,4,44
1964,1964,1540,9,39
1965,1965,154,2,33
1966,1966,1618,16,69
1967,1967,418,7,23
1968,1968,4349,15,27
1969,1969,2207,5,53
1970,1970,4408,1,47
1971,1971,3864,5,21
1972,1972,4677,13,36
1973,1973,4531,13,23
1974,1974,4033,18,67
1975,1975,3426,2,53
1976,1976,1006,18,46
1977,1977,4361,10,38
1978,1978,1032,3,47
1979,1979,1018,10,57
1980,1980,2980,9,53
1981,1981,3677,3,51
1982,1982,4835,6,60
1983,1983,440,11,50
1984,1984,1838,6,25
1985,1985,3210,5,25
1986,1986,4938,14,47
1987,1987,895,2,27
1988,1988,651,1,20
1989,1989,2568,5,35
1990,1990,1092,8,61
1991,1991,2037,10,38
1992,1992,4242,19,37
1993,1993,4480,3,49
1994,1994,2516,18,35
1995,1995,4986,7,52
1996,1996,2563,13,47
1997,1997,1423,14,66
1998,1998,4216,18,35
1999,1999,3784,12,30
2000,2000,2798,8,25
2001,2001,55,18,33
2002,2002,1094,6,67
2003,2003,1913,12,55
2004,2004,1518,3,41
2005,2005,356,3,59
2006,2006,4870,16,42
2007,2007,3010,17,50
2008,2008,1261,16,47
2009,2009,2266,13,38
2010,2010,724,13,41
2011,2011,1294,12,20
2012,2012,3390,2,22
2013,2013,4360,14,27
2014,2014,3717,10,32
2015,2015,4440,19,20
2016,2016,3881,5,48
2017,2017,1501,16,32
2018,2018,4617,5,61
2019,2019,1066,2,48
2020,2020,1838,6,49
2021,2021,432,12,35
2022,2022,1820,13,60
2023,2023,2378,13,53
2024,2024,4372,14,59
2025,2025,1446,19,22
2026,2026,4823,15,48
2027,2027,1904,3,49
2028,2028,1916,9,53
2029,2029,1943,10,23
2030,2030,3122,7,67
2031,2031,2181,14,27
2032,2032,4796,17,66
2033,2033,585,14,67
2034,2034,2859,10,37
2035,2035,3966,5,41
2036,2036,2153,18,29
2037,2037,292,17,33
2038,2038,1316,18,65
2039,2039,4093,4,50
2040,2040,4208,1,54
2041,2041,1069,13,65
2042,2042,3229,10,21
2043,2043,3145,15,21
2044,2044,918,5,54
2045,2045,2629,18,53
2046,2046,3244,4,48
2047,2047,4009,1,25
2048,2048,2784,10,23
2049,2049,4657,17,20
2050,2050,1003,3,54
2051,2051,4983,4,67
2052,2052,2428,12,66
2053,2053,4553,11,45
2054,2054,1540,3,48
2055,2055,84,11,30
2056,2056,1937,3,23
2057,2057,3286,4,41
2058,2058,3463,3,52
2059,2059,2407,12,53
2060,2060,1598,12,50
2061,2061,58,17,29
2062,2062,4533,8,54
2063,2063,2922,10,47
2064,2064,2812,16,42
2065,2065,2697,19,68
2066,2066,1774,15,31
2067,2067,2835,11,48
2068,2068,3220,7,21
2069,2069,1600,7,32
2070,2070,3547,18,55
2071,2071,3207,19,66
2072,2072,4360,16,45
2073,2073,4107,3,36
2074,2074,3940,6,62
2075,2075,1921,1,52
2076,2076,263,1,41
2077,2077,1855,15,21
2078,2078,2888,11,29
2079,2079,454,10,58
2080,2080,1255,3,45
2081,2081,3672,4,49
2082,2082,3188,12,41
2083,2083,4646,6,30
2084,2084,199,19,41
2085,2085,3815,16,43
2086,2086,286,10,48
2087,2087,1152,6,29
2088,2088,1231,5,53
2089,2089,2933,10,65
2090,2090,258,12,44
2091,2091,776,18,40
2092,2092,511,3,58
2093,2093,4656,5,32
2094,2094,701,3,21
2095,2095,4237,3,25
2096,2096,978,9,20
2097,2097,4836,4,47
2098,2098,4044,17,41
2099,2099,3967,7,30
2100,2100,1876,13,58
2101,2101,3735,12,24
2102,2102,213,18,37
2103,2103,3807,15,39
2104,2104,3088,5,31
2105,2105,4484,1,40
2106,2106,833,9,46
2107,2107,798,9,69
2108,2108,38,13,60
2109,2109,2964,11,53
2110,2110,1049,9,37
2111,2111,4947,5,53
2112,2112,1162,14,21
2113,2113,1961,16,33
2114,2114,4157,2,58
2115,2115,4207,15,20
2116,2116,4354,17,47
2117,2117,1873,5,60
2118,2118,135,10,46
2119,2119,2237,15,49
2120,2120,2384,4,41
2121,2121,2673,4,31
2122,2122,3073,7,20
2123,2123,2774,1,52
2124,2124,86,2,60
2125,2125,2128,19,67
2126,2126,1845,4,68
2127,2127,2851,1,20
2128,2128,801,1,24
2129,2129,4003,3,67
2130,2130,2223,18,24
2131,2131,866,3,26
2132,2132,2912,3,39
2133,2133,1083,13,45
2134,2134,406,1,68
2135,2135,2535,13,25
2136,2136,2802,5,45
2137,2137,283,17,22
2138,2138,737,11,58
2139,2139,4552,10,33
2140,2140,222,15,68
2141,2141,2928,13,33
2142,2142,1551,10,39
2143,2143,1956,9,63
2144,2144,3257,7,28
2145,2145,716,10,25
2146,2146,1065,9,21
2147,2147,4876,13,57
2148,2148,708,16,60
2149,2149,2755,2,62
2150,2150,3557,8,52
2151,2151,2052,7,63
2152,2152,449,2,24
2153,2153,511,1,32
2154,2154,46,4,34
2155,2155,4427,6,64
2156,2156,1161,2,53
2157,2157,1672,7,28
2158,2158,1895,10,45
2159,2159,1855,9,49
2160,2160,1167,2,41
2161,2161,4681,15,44
2162,2162,1450,15,59
2163,2163,3250,16,23
2164,2164,2398,2,66
2165,2165,3549,17,47
2166,2166,3507,11,56
2167,2167,3993,18,29
2168,2168,3990,1,28
2169,2169,278,12,55
2170,2170,3957,6,20
2171,2171,4037,18,49
2172,2172,1474,17,30
2173,2173,478,17,44
2174,2174,510,2,30
2175,2175,757,18,60
2176,2176,2971,15,24
2177,2177,3349,1,46
2178,2178,4127,14,42
2179,2179,1999,13,38
2180,2180,1401,12,22
2181,2181,1062,8,27
2182,2182,4647,7,67
2183,2183,4772,8,68
2184,2184,356,18,55
2185,2185,3009,15,34
2186,2186,4363,7,32
2187,2187,290,1,49
2188,2188,1044,6,60
2189,2189,1516,16,29
2190,2190,2218,14,53
2191,2191,13,8,49
2192,2192,389,10,44
2193,2193,1958,17,25
2194,2194,2784,15,56
2195,2195,3678,14,36
2196,2196,3420,11,55
2197,2197,2405,6,59
2198,2198,4729,4,51
2199,2199,1916,5,41
2200,2200,3243,11,52
2201,2201,3241,12,41
2202,2202,3756,11,55
2203,2203,2205,18,37
2204,2204,1348,7,47
2205,2205,1220,1,32
2206,2206,3771,16,37
2207,2207,62,18,42
2208,2208,498,12,54
2209,2209,738,11,37
2210,2210,915,8,29
2211,2211,2766,1,21
2212,2212,4964,16,33
2213,2213,3650,2,51
2214,2214,2375,6,49
2215,2215,3848,17,38
2216,2216,4618,17,24
2217,2217,2229,2,67
2218,2218,2534,19,51
2219,2219,3609,9,29
2220,2220,1223,3,24
2221,2221,4192,10,33
2222,2222,4886,5,58
2223,2223,3633,9,61
2224,2224,89,14,62
2225,2225,2995,11,38
2226,2226,1682,19,30
2227,2227,3582,16,54
2228,2228,524,14,58
2229,2229,465,14,65
2230,2230,4195,4,57
2231,2231,655,8,41
2232,2232,453,7,64
2233,2233,292,3,65
2234,2234,3669,14,49
2235,2235,1834,11,49
2236,2236,3675,19,66
2237,2237,1918,4,69
2238,2238,4397,4,30
2239,2239,3614,8,41
2240,2240,3879,15,29
2241,2241,1210,16,62
2242,2242,4126,4,38
2243,2243,251,10,34
2244,2244,2669,5,54
2245,2245,1464,4,54
2246,2246,3285,2,20
2247,2247,344,18,66
2248,2248,3926,8,64
2249,2249,2394,15,66
2250,2250,1349,4,37
2251,2251,4963,13,45
2252,2252,86,14,37
2253,2253,1041,9,60
2254,2254,2292,6,37
2255,2255,1982,12,62
2256,2256,4876,13,37
2257,2257,1933,6,51
2258,2258,3011,19,57
2259,2259,381,8,46
2260,2260,779,5,68
2261,2261,3307,8,48
2262,2262,3456,13,68
2263,2263,124,13,60
2264,2264,1084,5,39
2265,2265,4597,14,54
2266,2266,2058,18,42
2267,2267,971,15,31
2268,2268,1450,1,54
2269,2269,3219,7,55
2270,2270,4553,10,61
2271,2271,4708,2,47
2272,2272,1807,13,56
2273,2273,4823,3,39
2274,2274,2645,8,54
2275,2275,3670,12,26
2276,2276,1529,4,53
2277,2277,4383,8,25
2278,2278,4303,1,38
2279,2279,4646,3,61
2280,2280,3328,15,27
2281,2281,2740,15,67
2282,2282,2959,12,49
2283,2283,2002,1,21
2284,2284,714,11,35
2285,2285,882,19,65
2286,2286,2648,5,43
2287,2287,3247,17,44
2288,2288,3000,2,32
2289,2289,243,13,28
2290,2290,660,3,49
2291,2291,997,13,28
2292,2292,971,8,59
2293,2293,1541,13,26
2294,2294,651,3,35
2295,2295,2818,9,57
2296,2296,3764,2,51
2297,2297,1270,8,48
2298,2298,2196,1,62
2299,2299,819,15,59
2300,2300,3058,8,34
2301,2301,4766,8,30
2302,2302,1200,7,28
2303,2303,769,13,35
2304,2304,4515,7,44
2305,2305,1946,7,51
2306,2306,2825,11,64
2307,2307,3185,2,29
2308,2308,4629,11,29
2309,2309,3152,19,49
2310,2310,908,1,39
2311,2311,228,17,60
2312,2312,1627,1,53
2313,2313,1351,13,20
2314,2314,3038,6,51
2315,2315,4274,5,59
2316,2316,2014,2,50
2317,2317,4564,10,67
2318,2318,4718,19,30
2319,2319,1896,7,60
2320,2320,2308,15,38
2321,2321,271,11,69
2322,2322,4508,6,26
2323,2323,393,5,48
2324,2324,4990,4,61
2325,2325,594,6,57
2326,2326,2610,7,55
2327,2327,2585,12,52
2328,2328,308,14,55
2329,2329,4678,2,45
2330,2330,560,3,48
2331,2331,4009,5,48
2332,2332,1396,10,54
2333,2333,3457,7,22
2334,2334,1138,9,65
2335,2335,4373,18,24
2336,2336,4558,6,52
2337,2337,3481,10,30
2338,2338,3602,12,25
2339,2339,42,2,21
2340,2340,4116,1,32
2341,2341,1040,4,20
2342,2342,647,15,46
2343,2343,607,2,59
2344,2344,2141,3,61
2345,2345,2129,17,34
2346,2346,3973,2,54
2347,2347,1938,13,49
2348,2348,658,8,25
2349,2349,3993,19,53
2350,2350,456,10,40
2351,2351,4410,7,51
2352,2352,4448,4,39
2353,2353,2038,18,54
2354,2354,923,3,28
2355,2355,4058,15,56
2356,2356,327,17,25
2357,2357,123,8,29
2358,2358,2226,15,28
2359,2359,2,13,52
2360,2360,1170,14,35
2361,2361,2596,4,51
2362,2362,2679,11,57
2363,2363,1066,3,67
2364,2364,1382,19,39
2365,2365,1675,13,39
2366,2366,2619,4,22
2367,2367,1738,13,33
2368,2368,2097,15,40
2369,2369,952,6,27
2370,2370,360,18,65
2371,2371,752,8,43
2372,2372,640,9,66
2373,2373,1866,2,40
2374,2374,2141,10,61
2375,2375,2739,2,51
2376,2376,3289,9,36
2377,2377,4194,9,59
2378,2378,418,13,23
2379,2379,1952,10,61
2380,2380,4396,7,42
2381,2381,560,13,55
2382,2382,784,5,41
2383,2383,3772,12,44
2384,2384,2158,9,23
2385,2385,1867,9,29
2386,2386,4623,18,43
2387,2387,1126,8,54
2388,2388,2654,18,69
2389,2389,219,10,33
2390,2390,2177,1,39
2391,2391,4700,10,65
2392,2392,4651,5,33
2393,2393,4578,18,58
2394,2394,944,19,28
2395,2395,1092,13,53
2396,2396,3342,6,39
2397,2397,1744,17,22
2398,2398,3983,14,31
2399,2399,3810,6,67
2400,2400,1681,16,58
2401,2401,92,9,31
2402,2402,4020,4,61
2403,2403,1519,18,41
2404,2404,2577,5,54
2405,2405,1416,1,59
2406,2406,4610,15,50
2407,2407,440,12,26
2408,2408,1786,14,28
2409,2409,4929,12,56
2410,2410,439,13,41
2411,2411,1131,3,28
2412,2412,629,14,35
2413,2413,3017,7,40
2414,2414,3081,3,28
2415,2415,4238,9,31
2416,2416,3856,4,46
2417,2417,3753,2,66
2418,2418,3484,3,69
2419,2419,3166,1,28
2420,2420,705,5,46
2421,2421,924,9,47
2422,2422,1366,18,54
2423,2423,2315,13,62
2424,2424,1556,19,57
2425,2425,2217,19,51
2426,2426,4419,7,60
2427,2427,3628,7,22
2428,2428,4082,15,28
2429,2429,2018,17,22
2430,2430,4191,3,55
2431,2431,362,17,32
2432,2432,3007,14,68
2433,2433,3666,5,53
2434,2434,3536,7,49
2435,2435,1805,19,35
2436,2436,1825,19,52
2437,2437,670,1,54
2438,2438,2315,19,35
2439,2439,3398,17,57
2440,2440,800,15,59
2441,2441,133,8,24
2442,2442,3434,8,27
2443,2443,547,1,52
2444,2444,763,9,49
2445,2445,2316,2,21
2446,2446,1068,1,57
2447,2447,1302,16,57
2448,2448,1335,13,39
2449,2449,266,11,28
2450,2450,2218,1,20
2451,2451,1240,6,21
2452,2452,117,1,38
2453,2453,3310,6,35
2454,2454,1975,9,60
2455,2455,2482,13,24
2456,2456,4184,16,51
2457,2457,4330,4,39
2458,2458,609,11,62
2459,2459,530,13,33
2460,2460,3793,1,32
2461,2461,1877,3,46
2462,2462,1659,11,54
2463,2463,4334,8,53
2464,2464,409,1,35
2465,2465,1311,19,47
2466,2466,218,14,62
2467,2467,2451,18,54
2468,2468,2532,6,34
2469,2469,4209,9,22
2470,2470,4257,9,46
2471,2471,1031,15,46
2472,2472,1025,5,23
2473,2473,2647,19,40
2474,2474,315,9,41
2475,2475,226,9,24
2476,2476,479,17,60
2477,2477,223,15,58
2478,2478,1716,10,42
2479,2479,4616,9,42
2480,2480,88,19,32
2481,2481,480,7,46
2482,2482,309,13,69
2483,2483,540,2,34
2484,2484,90,18,31
2485,2485,2361,8,29
2486,2486,180,8,68
2487,2487,549,9,57
2488,2488,2,13,47
2489,2489,4002,12,62
2490,2490,1058,7,54
2491,2491,2274,13,57
2492,2492,4460,13,39
2493,2493,2933,4,31
2494,2494,4212,2,22
2495,2495,2162,2,21
2496,2496,1566,5,47
2497,2497,595,2,41
2498,2498,2768,15,54
2499,2499,2155,2,64
2500,2500,3770,2,28
2501,2501,1935,8,42
2502,2502,4283,5,36
2503,2503,3928,16,33
2504,2504,1847,14,51
2505,2505,4921,8,59
2506,2506,53,11,55
2507,2507,257,11,52
2508,2508,2094,8,29
2509,2509,3332,16,32
2510,2510,15,8,53
2511,2511,2897,12,24
2512,2512,2676,5,25
2513,2513,4108,3,52
2514,2514,2049,18,24
2515,2515,2125,1,43
2516,2516,4638,19,66
2517,2517,3786,13,27
2518,2518,996,11,37
2519,2519,2950,1,44
2520,2520,4146,18,37
2521,2521,1666,19,55
2522,2522,4442,13,45
2523,2523,3932,8,39
2524,2524,2726,18,39
2525,2525,2899,2,58
2526,2526,3987,19,59
2527,2527,1332,19,43
2528,2528,2804,5,39
2529,2529,4708,8,64
2530,2530,1246,3,23
2531,2531,2326,2,41
2532,2532,685,6,44
2533,2533,2366,16,40
2534,2534,3114,15,37
2535,2535,3139,4,64
2536,2536,2953,2,65
2537,2537,143,14,28
2538,2538,1950,6,63
2539,2539,154,4,28
2540,2540,3269,1,52
2541,2541,4474,14,60
2542,2542,534,3,26
2543,2543,3561,4,52
2544,2544,3791,14,21
2545,2545,4789,19,69
2546,2546,787,9,27
2547,2547,466,14,52
2548,2548,2520,4,54
2549,2549,141,4,48
2550,2550,1728,12,51
2551,2551,3640,8,20
2552,2552,1992,16,50
2553,2553,810,11,54
2554,2554,1271,7,59
2555,2555,2882,14,63
2556,2556,703,10,58
2557,2557,170,2,39
2558,2558,2267,13,52
2559,2559,2082,9,42
2560,2560,2333,18,22
2561,2561,1434,10,31
2562,2562,1431,14,27
2563,2563,3446,3,60
2564,2564,265,7,66
2565,2565,853,11,30
2566,2566,1764,6,45
2567,2567,7,15,42
2568,2568,4119,15,57
2569,2569,1440,8,24
2570,2570,13,13,51
2571,2571,2768,12,24
2572,2572,948,12,67
2573,2573,3713,9,34
2574,2574,3782,17,62
2575,2575,1846,15,42
2576,2576,3347,13,68
2577,2577,3169,14,47
2578,2578,4510,8,38
2579,2579,1811,13,36
2580,2580,1128,3,34
2581,2581,2713,8,32
2582,2582,3593,6,42
2583,2583,3111,11,37
2584,2584,4536,10,42
2585,2585,3110,8,35
2586,2586,4205,8,39
2587,2587,2478,7,44
2588,2588,1445,19,51
2589,2589,381,12,40
2590,2590,1528,3,20
2591,2591,2622,11,47
2592,2592,3582,13,46
2593,2593,3102,16,46
2594,2594,3650,9,64
2595,2595,2823,16,55
2596,2596,2206,5,31
2597,2597,3233,8,34
2598,2598,3440,12,39
2599,2599,1383,3,63
2600,2600,623,3,38
2601,2601,4646,13,45
2602,2602,2772,3,66
2603,2603,134,9,40
2604,2604,4797,1,56
2605,2605,4049,6,62
2606,2606,2639,19,69
2607,2607,1276,16,29
2608,2608,4302,1,47
2609,2609,508,10,45
2610,2610,530,2,32
2611,2611,2239,3,44
2612,2612,3257,7,50
2613,2613,406,6,39
2614,2614,4184,15,34
2615,2615,4703,2,37
2616,2616,4370,17,59
2617,2617,61,19,42
2618,2618,82,14,22
2619,2619,3780,17,30
2620,2620,3975,19,46
2621,2621,4632,2,56
2622,2622,2720,16,31
2623,2623,3111,16,52
2624,2624,4995,3,47
2625,2625,108,14,25
2626,2626,3335,7,25
2627,2627,1022,10,63
2628,2628,2444,9,40
2629,2629,3351,8,44
2630,2630,1881,15,66
2631,2631,3007,12,55
2632,2632,4625,6,37
2633,2633,2275,15,63
2634,2634,1216,15,58
2635,2635,321,8,24
2636,2636,4438,12,42
2637,2637,1052,2,42
2638,2638,3386,9,42
2639,2639,3182,8,54
2640,2640,4729,8,48
2641,2641,3648,4,24
2642,2642,1539,5,36
2643,2643,2560,17,57
2644,2644,2449,7,21
2645,2645,1519,1,38
2646,2646,1743,10,66
2647,2647,1703,14,22
2648,2648,4741,19,49
2649,2649,4175,9,52
2650,2650,1332,11,42
2651,2651,2669,12,45
2652,2652,1050,1,49
2653,2653,2215,17,38
2654,2654,685,1,58
2655,2655,2893,1,45
2656,2656,1567,18,51
2657,2657,461,9,61
2658,2658,1064,17,47
2659,2659,4896,13,28
2660,2660,3941,17,67
2661,2661,4868,11,50
2662,2662,3665,17,34
2663,2663,2222,9,51
2664,2664,3169,14,32
2665,2665,167,1,41
2666,2666,559,8,59
2667,2667,3750,2,30
2668,2668,1554,4,52
2669,2669,4610,18,43
2670,2670,2462,13,59
2671,2671,2539,14,63
2672,2672,3591,11,25
2673,2673,2590,11,35
2674,2674,2299,8,49
2675,2675,1757,12,49
2676,2676,2732,1,33
2677,2677,4341,16,26
2678,2678,488,18,22
2679,2679,1949,1,50
2680,2680,4132,18,29
2681,2681,3171,10,52
2682,2682,369,11,57
2683,2683,4016,16,56
2684,2684,959,5,34
2685,2685,258,1,69
2686,2686,4597,18,23
2687,2687,4750,7,56
2688,2688,1636,1,61
2689,2689,479,2,23
2690,2690,4336,2,29
2691,2691,2416,16,41
2692,2692,3825,8,50
2693,2693,4828,10,55
2694,2694,4497,16,31
2695,2695,3570,5,28
2696,2696,4690,4,47
2697,2697,288,13,53
2698,2698,1687,8,24
2699,2699,4230,13,49
2700,2700,1478,5,35
2701,2701,4321,17,38
2702,2702,2685,15,33
2703,2703,2032,7,66
2704,2704,4704,10,43
2705,2705,2897,3,69
2706,2706,900,16,30
2707,2707,4922,15,32
2708,2708,411,6,29
2709,2709,374,10,48
2710,2710,4180,7,58
2711,2711,482,19,46
2712,2712,272,5,20
2713,2713,2054,7,51
2714,2714,3536,3,37
2715,2715,4615,2,23
2716,2716,3075,19,35
2717,2717,1761,2,37
2718,2718,817,19,40
2719,2719,4583,18,66
2720,2720,797,1,44
2721,2721,2535,9,29
2722,2722,1192,16,26
2723,2723,937,8,20
2724,2724,2454,11,52
2725,2725,4559,16,52
2726,2726,2180,10,38
2727,2727,4602,16,26
2728,2728,2681,13,66
2729,2729,23,7,64
2730,2730,4710,1,60
2731,2731,3204,14,33
2732,2732,452,9,57
2733,2733,274,14,26
2734,2734,1025,4,65
2735,2735,3616,9,62
2736,2736,2709,2,22
2737,2737,166,11,30
2738,2738,297,14,27
2739,2739,2027,4,45
2740,2740,937,3,57
2741,2741,3051,10,22
2742,2742,96,1,48
2743,2743,571,9,31
2744,2744,141,13,37
2745,2745,1955,11,62
2746,2746,767,10,26
2747,2747,1627,1,49
2748,2748,833,13,61
2749,2749,4711,9,67
2750,2750,654,8,35
2751,2751,4126,13,66
2752,2752,142,8,64
2753,2753,2908,17,44
2754,2754,2878,1,23
2755,2755,4607,12,23
2756,2756,3526,12,57
2757,2757,3433,11,69
2758,2758,4556,11,20
2759,2759,1191,16,61
2760,2760,4362,5,22
2761,2761,2991,9,47
2762,2762,384,10,65
2763,2763,3929,11,30
2764,2764,2199,3,56
2765,2765,571,11,21
2766,2766,2266,8,28
2767,2767,2643,1,36
2768,2768,3732,17,51
2769,2769,2989,16,50
2770,2770,4396,16,40
2771,2771,1072,3,36
2772,2772,762,15,61
2773,2773,2561,2,36
2774,2774,928,11,62
2775,2775,2145,9,46
2776,2776,1799,5,47
2777,2777,2138,3,58
2778,2778,3271,8,20
2779,2779,3172,6,35
2780,2780,4248,7,22
2781,2781,4822,12,34
2782,2782,4260,7,23
2783,2783,451,9,55
2784,2784,818,9,49
2785,2785,955,1,48
2786,2786,4581,3,42
2787,2787,3886,5,24
2788,2788,3782,11,66
2789,2789,2548,4,30
2790,2790,3033,12,38
2791,2791,2327,1,27
2792,2792,4620,1,62
2793,2793,3740,13,30
2794,2794,1210,5,28
2795,2795,829,2,65
2796,2796,4584,19,44
2797,2797,4320,7,44
2798,2798,4023,16,33
2799,2799,985,4,50
2800,2800,1570,18,32
2801,2801,4197,11,20
2802,2802,2814,16,49
2803,2803,3346,10,28
2804,2804,2041,2,59
2805,2805,2723,10,48
2806,2806,2480,3,50
2807,2807,4645,12,37
2808,2808,1536,2,22
2809,2809,2438,8,54
2810,2810,1920,18,21
2811,2811,3675,9,23
2812,2812,4859,11,60
2813,2813,986,3,34
2814,2814,3367,8,69
2815,2815,4868,5,36
2816,2816,2960,15,45
2817,2817,2673,10,50
2818,2818,3347,14,49
2819,2819,3449,5,42
2820,2820,4881,18,49
2821,2821,3245,12,30
2822,2822,3970,3,52
2823,2823,2615,8,57
2824,2824,2907,14,65
2825,2825,2052,1,24
2826,2826,496,4,54
2827,2827,4452,8,20
2828,2828,4564,13,23
2829,2829,4534,16,67
2830,2830,4060,16,57
2831,2831,828,9,56
2832,2832,4797,19,26
2833,2833,4142,8,29
2834,2834,4705,19,52
2835,2835,4145,1,33
2836,2836,2168,13,55
2837,2837,3730,13,66
2838,2838,3833,4,57
2839,2839,3146,10,49
2840,2840,1024,11,45
2841,2841,4280,14,50
2842,2842,820,5,61
2843,2843,1607,13,66
2844,2844,1693,15,38
2845,2845,1363,17,59
2846,2846,459,16,32
2847,2847,2273,1,42
2848,2848,4786,12,38
2849,2849,3702,19,35
2850,2850,3743,7,44
2851,2851,3597,5,45
2852,2852,3128,8,40
2853,2853,2043,4,37
2854,2854,240,14,28
2855,2855,4934,6,43
2856,2856,2972,19,66
2857,2857,4764,4,59
2858,2858,3664,10,36
2859,2859,1138,19,49
2860,2860,2162,10,23
2861,2861,1001,13,47
2862,2862,1456,3,60
2863,2863,1395,8,59
2864,2864,1562,10,28
2865,2865,3841,2,55
2866,2866,1470,1,27
2867,2867,4701,10,41
2868,2868,4296,13,44
2869,2869,2535,1,68
2870,2870,4180,2,25
2871,2871,1908,10,45
2872,2872,3589,4,61
2873,2873,2989,7,21
2874,2874,2316,5,50
2875,2875,465,16,31
2876,2876,2266,7,38
2877,2877,1258,9,56
2878,2878,2208,9,67
2879,2879,780,11,56
2880,2880,3155,17,20
2881,2881,556,11,29
2882,2882,3225,9,53
2883,2883,3093,19,35
2884,2884,1274,8,60
2885,2885,1213,5,26
2886,2886,1893,6,32
2887,2887,794,19,23
2888,2888,2720,11,58
2889,2889,4315,2,50
2890,2890,3089,3,29
2891,2891,1063,2,31
2892,2892,1825,13,53
2893,2893,701,11,47
2894,2894,2190,11,24
2895,2895,303,13,47
2896,2896,4442,19,66
2897,2897,176,13,30
2898,2898,2992,1,53
2899,2899,3858,13,34
2900,2900,1203,6,24
2901,2901,2692,8,67
2902,2902,4177,19,40
2903,2903,4503,14,50
2904,2904,1205,6,59
2905,2905,1293,17,26
2906,2906,3911,2,54
2907,2907,1594,16,40
2908,2908,3561,5,59
2909,2909,4590,6,24
2910,2910,2239,2,33
2911,2911,554,5,53
2912,2912,2418,10,29
2913,2913,2793,19,37
2914,2914,3934,1,36
2915,2915,3174,6,57
2916,2916,673,16,68
2917,2917,2415,10,51
2918,2918,2602,8,36
2919,2919,4645,19,41
2920,2920,3405,7,44
2921,2921,1690,15,35
2922,2922,3953,5,49
2923,2923,1336,4,53
2924,2924,1134,19,24
2925,2925,4282,19,63
2926,2926,4081,10,52
2927,2927,2158,8,24
2928,2928,3272,1,59
2929,2929,1345,13,61
2930,2930,2564,7,22
2931,2931,1981,2,57
2932,2932,61,9,32
2933,2933,3414,19,27
2934,2934,1892,9,49
2935,2935,1600,17,69
2936,2936,3357,18,24
2937,2937,1939,10,57
2938,2938,1606,1,50
2939,2939,769,11,21
2940,2940,1085,19,26
2941,2941,207,19,35
2942,2942,4889,2,29
2943,2943,4973,5,48
2944,2944,1900,3,49
2945,2945,2600,13,39
2946,2946,2325,7,61
2947,2947,759,11,53
2948,2948,3601,17,27
2949,2949,1627,1,53
2950,2950,4572,4,53
2951,2951,126,1,64
2952,2952,2314,9,55
2953,2953,3318,18,26
2954,2954,2569,17,33
2955,2955,1070,19,39
2956,2956,3943,15,56
2957,2957,3196,10,52
2958,2958,2925,12,50
2959,2959,3510,16,52
2960,2960,644,12,45
2961,2961,4043,1,45
2962,2962,749,13,57
2963,2963,3797,4,35
2964,2964,3737,12,31
2965,2965,1817,19,20
2966,2966,4551,15,63
2967,2967,1774,9,39
2968,2968,4920,7,69
2969,2969,1073,6,21
2970,2970,4050,9,50
2971,2971,3649,18,37
2972,2972,2749,8,61
2973,2973,521,18,29
2974,2974,4490,13,25
2975,2975,4192,7,21
2976,2976,85,12,35
2977,2977,1060,5,24
2978,2978,3000,16,57
2979,2979,416,8,41
2980,2980,4691,7,41
2981,2981,4822,1,41
2982,2982,4317,2,20
2983,2983,3902,9,55
2984,2984,1343,15,68
2985,2985,4575,7,32
2986,2986,2440,7,31
2987,2987,3191,13,32
2988,2988,3141,4,67
2989,2989,2493,19,30
2990,2990,4415,10,69
2991,2991,4389,4,37
2992,2992,2814,12,41
2993,2993,4612,3,20
2994,2994,1080,8,23
2995,2995,3627,17,28
2996,2996,570,6,22
2997,2997,4858,13,27
2998,2998,4240,18,28
2999,2999,309,16,37
3000,3000,4114,11,24
3001,3001,2873,14,41
3002,3002,1190,1,56
3003,3003,2939,12,24
3004,3004,3859,6,42
3005,3005,4948,7,35
3006,3006,1840,11,24
3007,3007,154,1,56
3008,3008,110,3,63
3009,3009,338,13,58
3010,3010,507,6,22
3011,3011,2221,10,45
3012,3012,3066,7,27
3013,3013,1807,11,40
3014,3014,3218,15,37
3015,3015,4895,11,24
3016,3016,2447,18,25
3017,3017,989,1,46
3018,3018,485,14,41
3019,3019,3433,12,41
3020,3020,2007,1,57
3021,3021,174,18,57
3022,3022,1867,17,62
3023,3023,1382,14,46
3024,3024,1463,12,64
3025,3025,1054,1,65
3026,3026,2601,19,68
3027,3027,4163,4,52
3028,3028,4584,5,61
3029,3029,785,5,50
3030,3030,2889,2,47
3031,3031,4817,11,49
3032,3032,248,3,53
3033,3033,1631,8,64
3034,3034,2507,2,36
3035,3035,726,4,54
3036,3036,2424,7,55
3037,3037,4990,19,25
3038,3038,2929,19,64
3039,3039,3484,7,48
3040,3040,2692,8,42
3041,3041,2150,14,33
3042,3042,4153,4,28
3043,3043,3265,14,34
3044,3044,4527,1,57
3045,3045,2512,5,44
3046,3046,4258,11,39
3047,3047,1965,15,62
3048,3048,2080,14,41
3049,3049,1196,13,26
3050,3050,2145,7,37
3051,3051,139,18,36
3052,3052,4237,6,33
3053,3053,1337,7,45
3054,3054,3028,9,59
3055,3055,1689,2,51
3056,3056,198,8,48
3057,3057,1445,6,59
3058,3058,2413,9,26
3059,3059,4634,7,28
3060,3060,3538,5,31
3061,3061,1293,17,22
3062,3062,4019,7,51
3063,3063,303,16,52
3064,3064,2027,11,34
3065,3065,1194,14,28
3066,3066,3815,3,68
3067,3067,4264,8,63
3068,3068,4311,15,36
3069,3069,144,9,47
3070,3070,3620,16,64
3071,3071,3295,18,32
3072,3072,1888,8,66
3073,3073,4565,7,40
3074,3074,2013,10,69
3075,3075,1328,12,66
3076,3076,1744,12,69
3077,3077,2831,10,24
3078,3078,968,2,26
3079,3079,135,12,57
3080,3080,4916,6,56
3081,3081,4115,1,38
3082,3082,4989,9,60
3083,3083,2646,16,51
3084,3084,4237,17,62
3085,3085,4502,6,22
3086,3086,3783,4,58
3087,3087,4596,9,54
3088,3088,35,8,46
3089,3089,4752,18,57
3090,3090,4752,12,67
3091,3091,3778,7,27
3092,3092,3750,8,38
3093,3093,4120,10,49
3094,3094,3030,3,67
3095,3095,4530,18,59
3096,3096,2263,9,29
3097,3097,364,5,49
3098,3098,2515,13,28
3099,3099,825,5,67
3100,3100,1147,2,41
3101,3101,4664,7,50
3102,3102,598,3,65
3103,3103,2513,9,29
3104,3104,604,3,55
3105,3105,1357,6,29
3106,3106,1272,10,46
3107,3107,3686,3,34
3108,3108,2121,9,38
3109,3109,4840,12,30
3110,3110,1730,12,51
3111,3111,234,16,39
3112,3112,1212,11,65
3113,3113,1301,12,34
3114,3114,2467,17,23
3115,3115,3614,4,36
3116,3116,2001,10,20
3117,3117,423,17,38
3118,3118,2073,8,24
3119,3119,1452,7,37
3120,3120,2403,18,36
3121,3121,4004,8,61
3122,3122,1903,2,60
3123,3123,4737,14,23
3124,3124,4673,16,38
3125,3125,4122,10,50
3126,3126,530,18,22
3127,3127,932,5,69
3128,3128,3787,16,22
3129,3129,1790,11,48
3130,3130,1576,19,27
3131,3131,3102,6,24
3132,3132,1311,7,50
3133,3133,1466,11,46
3134,3134,3511,18,52
3135,3135,4431,18,37
3136,3136,2462,8,43
3137,3137,1584,10,45
3138,3138,590,17,50
3139,3139,2331,9,33
3140,3140,1471,13,44
3141,3141,3470,8,51
3142,3142,922,17,58
3143,3143,171,16,60
3144,3144,4299,16,33
3145,3145,4376,8,67
3146,3146,404,10,67
3147,3147,3528,12,46
3148,3148,1032,18,41
3149,3149,4894,9,57
3150,3150,1406,4,26
3151,3151,2066,5,52
3152,3152,1146,16,62
3153,3153,3566,1,60
3154,3154,1903,18,52
3155,3155,1764,18,43
3156,3156,4691,19,45
3157,3157,4585,9,69
3158,3158,124,1,61
3159,3159,607,3,50
3160,3160,4218,2,46
3161,3161,2922,2,32
3162,3162,1095,17,50
3163,3163,2152,6,51
3164,3164,2714,5,42
3165,3165,4769,11,56
3166,3166,4985,9,59
3167,3167,1716,4,64
3168,3168,1704,7,35
3169,3169,3460,13,58
3170,3170,3484,16,27
3171,3171,2500,17,37
3172,3172,1890,2,46
3173,3173,4657,5,28
3174,3174,1896,18,47
3175,3175,2928,13,41
3176,3176,2694,18,30
3177,3177,4242,11,41
3178,3178,3426,14,68
3179,3179,3706,12,33
3180,3180,2562,4,42
3181,3181,1827,7,21
3182,3182,3507,13,34
3183,3183,4932,19,69
3184,3184,4424,11,24
3185,3185,2476,7,48
3186,3186,2845,15,52
3187,3187,4004,19,67
3188,3188,3185,17,63
3189,3189,3166,1,49
3190,3190,4722,12,65
3191,3191,3591,19,36
3192,3192,2445,5,20
3193,3193,4630,10,33
3194,3194,4153,11,66
3195,3195,3245,16,63
3196,3196,694,18,36
3197,3197,3074,9,28
3198,3198,3541,9,54
3199,3199,4214,14,50
3200,3200,1620,6,31
3201,3201,3915,12,64
3202,3202,3874,11,21
3203,3203,3653,4,34
3204,3204,565,6,53
3205,3205,4030,18,56
3206,3206,496,6,60
3207,3207,1886,1,49
3208,3208,801,10,33
3209,3209,3909,12,64
3210,3210,641,7,23
3211,3211,163,11,27
3212,3212,4347,1,42
3213,3213,644,16,26
3214,3214,4425,4,36
3215,3215,2166,6,41
3216,3216,4465,10,57
3217,3217,2796,7,45
3218,3218,1139,12,27
3219,3219,3709,19,41
3220,3220,4291,10,59
3221,3221,4820,2,64
3222,3222,138,9,41
3223,3223,1684,1,59
3224,3224,4252,10,24
3225,3225,1059,1,28
3226,3226,4615,2,39
3227,3227,4278,5,41
3228,3228,2017,17,53
3229,3229,170,13,54
3230,3230,2545,6,55
3231,3231,3904,10,38
3232,3232,1388,2,47
3233,3233,3052,5,26
3234,3234,3667,19,60
3235,3235,2761,2,57
3236,3236,3836,1,22
3237,3237,2950,8,51
3238,3238,1361,15,65
3239,3239,2050,6,64
3240,3240,423,4,50
3241,3241,3974,12,64
3242,3242,2830,16,44
3243,3243,146,2,52
3244,3244,2374,8,66
3245,3245,4684,6,24
3246,3246,230,3,48
3247,3247,1942,1,50
3248,3248,1870,8,45
3249,3249,4681,12,40
3250,3250,2666,7,53
3251,3251,3594,17,56
3252,3252,3867,13,68
3253,3253,2830,18,20
3254,3254,3337,16,23
3255,3255,1242,8,66
3256,3256,3296,12,66
3257,3257,1385,6,41
3258,3258,3363,2,35
3259,3259,1389,7,64
3260,3260,106,4,65
3261,3261,3651,16,51
3262,3262,1822,17,53
3263,3263,285,3,40
3264,3264,596,3,46
3265,3265,2884,14,61
3266,3266,4622,14,56
3267,3267,4973,7,22
3268,3268,1063,1,62
3269,3269,3349,15,64
3270,3270,2887,14,53
3271,3271,3078,4,26
3272,3272,552,4,48
3273,3273,3460,11,22
3274,3274,4860,1,64
3275,3275,4562,11,57
3276,3276,3161,12,60
3277,3277,3606,15,21
3278,3278,1336,15,31
3279,3279,4398,4,34
3280,3280,696,6,35
3281,3281,3045,2,22
3282,3282,4555,9,46
3283,3283,1947,8,65
3284,3284,2723,19,42
3285,3285,1524,8,52
3286,3286,1684,10,67
3287,3287,1807,17,46
3288,3288,110,19,43
3289,3289,2248,1,57
3290,3290,792,15,46
3291,3291,2640,11,66
3292,3292,987,7,50
3293,3293,3884,16,34
3294,3294,3726,3,54
3295,3295,73,12,55
3296,3296,4974,16,43
3297,3297,2765,19,36
3298,3298,2483,2,64
3299,3299,3990,8,53
3300,3300,3806,19,20
3301,3301,592,11,39
3302,3302,4211,11,25
3303,3303,25,2,24
3304,3304,2341,5,48
3305,3305,1027,5,25
3306,3306,3900,10,69
3307,3307,4411,2,52
3308,3308,1431,15,64
3309,3309,1569,18,57
3310,3310,1113,12,48
3311,3311,4199,10,63
3312,3312,1877,7,29
3313,3313,159,15,51
3314,3314,2609,15,44
3315,3315,734,12,47
3316,3316,4455,15,48
3317,3317,2029,3,54
3318,3318,765,16,66
3319,3319,2538,19,51
3320,3320,192,7,65
3321,3321,244,17,55
3322,3322,934,4,26
3323,3323,4679,15,29
3324,3324,3931,9,65
3325,3325,1101,17,53
3326,3326,733,1,52
3327,3327,4053,2,45
3328,3328,781,7,67
3329,3329,794,14,67
3330,3330,2954,5,32
3331,3331,2781,4,49
3332,3332,91,13,51
3333,3333,2436,10,52
3334,3334,1642,13,25
3335,3335,3359,12,55
3336,3336,3857,18,21
3337,3337,3068,11,26
3338,3338,436,18,49
3339,3339,1829,12,65
3340,3340,1917,1,45
3341,3341,47,16,44
3342,3342,2355,14,52
3343,3343,114,1,61
3344,3344,1082,7,25
3345,3345,4140,19,27
3346,3346,3303,5,28
3347,3347,394,17,30
3348,3348,1590,10,43
3349,3349,4856,4,25
3350,3350,1438,14,59
3351,3351,1526,6,35
3352,3352,4326,12,36
3353,3353,4452,12,43
3354,3354,4596,1,26
3355,3355,4116,12,59
3356,3356,4311,6,59
3357,3357,744,4,46
3358,3358,2542,17,29
3359,3359,2166,10,28
3360,3360,1655,19,29
3361,3361,3508,11,68
3362,3362,3802,1,49
3363,3363,3812,5,28
3364,3364,3470,14,65
3365,3365,263,13,45
3366,3366,4432,2,53
3367,3367,4618,14,54
3368,3368,3734,6,46
3369,3369,3802,6,39
3370,3370,1017,1,43
3371,3371,984,11,46
3372,3372,1560,4,60
3373,3373,2703,6,38
3374,3374,2264,2,37
3375,3375,4330,5,69
3376,3376,4498,15,62
3377,3377,390,8,60
3378,3378,4269,17,31
3379,3379,4049,10,59
3380,3380,507,9,37
3381,3381,4023,2,27
3382,3382,247,11,55
3383,3383,3512,2,57
3384,3384,3708,16,35
3385,3385,4781,4,32
3386,3386,3437,17,45
3387,3387,3610,9,67
3388,3388,3669,12,45
3389,3389,4658,5,40
3390,3390,2546,3,69
3391,3391,2715,6,40
3392,3392,1443,7,27
3393,3393,2640,4,52
3394,3394,4158,14,25
3395,3395,1919,14,69
3396,3396,944,2,21
3397,3397,117,15,27
3398,3398,2558,12,25
3399,3399,1224,14,25
3400,3400,989,10,41
3401,3401,2823,3,44
3402,3402,4280,2,65
3403,3403,3568,2,50
3404,3404,1737,11,54
3405,3405,3114,12,69
3406,3406,1987,15,24
3407,3407,1324,12,41
3408,3408,516,11,67
3409,3409,3040,14,44
3410,3410,3436,5,37
3411,3411,4215,19,28
3412,3412,3149,17,44
3413,3413,4888,15,48
3414,3414,2887,17,52
3415,3415,3987,12,62
3416,3416,2482,8,27
3417,3417,2011,15,59
3418,3418,1426,2,32
3419,3419,668,17,27
3420,3420,103,10,67
3421,3421,4967,18,69
3422,3422,3686,12,60
3423,3423,49,1,63
3424,3424,4215,4,46
3425,3425,4948,5,22
3426,3426,1426,3,52
3427,3427,468,1,50
3428,3428,47,7,47
3429,3429,4097,12,40
3430,3430,4257,6,48
3431,3431,4720,17,48
3432,3432,4119,11,28
3433,3433,3828,8,41
3434,3434,1294,11,27
3435,3435,1964,13,64
3436,3436,1317,9,36
3437,3437,499,19,42
3438,3438,1701,5,58
3439,3439,487,10,49
3440,3440,4475,13,34
3441,3441,775,5,33
3442,3442,889,3,44
3443,3443,4788,17,35
3444,3444,3729,10,68
3445,3445,3774,17,67
3446,3446,4110,6,37
3447,3447,2292,14,51
3448,3448,3507,9,65
3449,3449,2262,5,57
3450,3450,2097,8,34
3451,3451,1105,16,56
3452,3452,878,7,68
3453,3453,181,2,52
3454,3454,4768,9,32
3455,3455,870,10,26
3456,3456,3449,19,38
3457,3457,217,4,40
3458,3458,2811,13,56
3459,3459,625,2,28
3460,3460,4556,19,23
3461,3461,632,6,50
3462,3462,4853,16,26
3463,3463,131,15,32
3464,3464,3289,14,59
3465,3465,530,13,55
3466,3466,1834,17,27
3467,3467,4328,18,45
3468,3468,1148,1,46
3469,3469,562,4,67
3470,3470,4273,16,45
3471,3471,3587,18,64
3472,3472,1096,10,61
3473,3473,2173,8,33
3474,3474,2431,6,39
3475,3475,84,17,61
3476,3476,2988,5,64
3477,3477,4761,4,47
3478,3478,906,4,27
3479,3479,3233,19,24
3480,3480,3145,9,32
3481,3481,1121,13,21
3482,3482,1610,7,67
3483,3483,539,18,33
3484,3484,402,18,68
3485,3485,4359,17,22
3486,3486,199,8,35
3487,3487,1532,11,28
3488,3488,4123,6,58
3489,3489,3652,8,21
3490,3490,972,8,30
3491,3491,2864,19,43
3492,3492,2371,15,62
3493,3493,4441,19,48
3494,3494,4008,6,33
3495,3495,1634,4,67
3496,3496,760,7,59
3497,3497,1372,2,41
3498,3498,2059,2,66
3499,3499,435,14,67
3500,3500,3104,9,53
3501,3501,840,7,55
3502,3502,3717,5,52
3503,3503,3170,12,58
3504,3504,4332,18,62
3505,3505,4739,19,37
3506,3506,2300,16,41
3507,3507,2616,12,44
3508,3508,892,6,56
3509,3509,4011,1,24
3510,3510,761,12,51
3511,3511,1226,11,68
3512,3512,2297,11,55
3513,3513,4910,9,28
3514,3514,176,2,33
3515,3515,3177,8,51
3516,3516,3317,1,28
3517,3517,865,1,42
3518,3518,1687,12,64
3519,3519,3581,4,67
3520,3520,2102,1,64
3521,3521,3453,12,28
3522,3522,2369,14,40
3523,3523,1243,1,63
3524,3524,2867,12,51
3525,3525,928,5,63
3526,3526,2944,2,29
3527,3527,4500,4,48
3528,3528,347,11,53
3529,3529,489,18,41
3530,3530,2848,19,24
3531,3531,2407,18,30
3532,3532,1081,15,47
3533,3533,1111,15,43
3534,3534,2426,9,53
3535,3535,931,8,61
3536,3536,1387,10,59
3537,3537,970,8,29
3538,3538,4404,11,45
3539,3539,1935,19,62
3540,3540,3161,12,60
3541,3541,4787,7,26
3542,3542,3668,1,63
3543,3543,164,3,26
3544,3544,651,13,67
3545,3545,3732,4,67
3546,3546,2360,10,34
3547,3547,2095,6,65
3548,3548,4102,4,64
3549,3549,3949,8,22
3550,3550,1571,14,64
3551,3551,5000,18,45
3552,3552,3143,8,26
3553,3553,3365,5,21
3554,3554,1147,14,29
3555,3555,4853,15,49
3556,3556,2569,17,66
3557,3557,4939,4,22
3558,3558,3797,13,57
3559,3559,1852,15,48
3560,3560,4659,9,44
3561,3561,2375,17,65
3562,3562,1932,3,23
3563,3563,4139,9,66
3564,3564,1590,11,24
3565,3565,2944,5,25
3566,3566,3097,18,38
3567,3567,908,12,37
3568,3568,4673,19,57
3569,3569,260,5,55
3570,3570,1133,12,31
3571,3571,4624,6,43
3572,3572,2763,17,49
3573,3573,1678,14,33
3574,3574,870,3,58
3575,3575,2032,1,21
3576,3576,4682,13,53
3577,3577,1589,18,39
3578,3578,575,10,55
3579,3579,141,19,42
3580,3580,4095,19,54
3581,3581,3373,17,53
3582,3582,1207,7,40
3583,3583,1086,8,57
3584,3584,397,16,65
3585,3585,1865,16,27
3586,3586,2064,16,62
3587,3587,438,9,49
3588,3588,3432,13,66
3589,3589,652,4,39
3590,3590,2178,10,39
3591,3591,2977,9,42
3592,3592,655,18,39
3593,3593,849,12,65
3594,3594,1187,10,42
3595,3595,478,17,23
3596,3596,1062,12,29
3597,3597,976,2,59
3598,3598,3949,14,24
3599,3599,2897,6,51
3600,3600,519,11,37
3601,3601,3640,14,44
3602,3602,2949,14,36
3603,3603,3803,6,24
3604,3604,65,1,54
3605,3605,3266,17,61
3606,3606,4033,17,40
3607,3607,3677,17,55
3608,3608,853,10,38
3609,3609,4266,10,42
3610,3610,4834,14,24
3611,3611,962,1,52
3612,3612,3353,2,23
3613,3613,6,18,52
3614,3614,4360,3,66
3615,3615,4149,4,54
3616,3616,2067,5,61
3617,3617,2313,3,45
3618,3618,2854,3,56
3619,3619,3415,4,41
3620,3620,3488,6,30
3621,3621,2433,7,68
3622,3622,3079,4,45
3623,3623,4971,15,60
3624,3624,2928,6,32
3625,3625,3839,5,33
3626,3626,1280,8,60
3627,3627,4346,6,68
3628,3628,2962,17,26
3629,3629,618,16,35
3630,3630,2360,11,39
3631,3631,3932,1,64
3632,3632,2080,14,65
3633,3633,3661,13,69
3634,3634,2886,10,62
3635,3635,93,10,46
3636,3636,3594,8,53
3637,3637,891,9,41
3638,3638,1960,4,57
3639,3639,3914,11,56
3640,3640,4130,9,22
3641,3641,4948,12,46
3642,3642,3361,13,26
3643,3643,3019,8,54
3644,3644,1368,13,64
3645,3645,4705,1,42
3646,3646,4604,11,21
3647,3647,4128,2,43
3648,3648,4733,5,21
3649,3649,4716,11,69
3650,3650,4819,4,55
3651,3651,3501,8,36
3652,3652,4098,12,30
3653,3653,1486,3,26
3654,3654,1313,17,21
3655,3655,3689,8,34
3656,3656,211,6,65
3657,3657,4034,4,50
3658,3658,783,4,65
3659,3659,112,7,25
3660,3660,1389,10,56
3661,3661,2024,6,65
3662,3662,3785,4,48
3663,3663,4399,10,23
3664,3664,697,17,65
3665,3665,861,6,56
3666,3666,255,11,31
3667,3667,1253,18,46
3668,3668,1365,9,44
3669,3669,2975,12,64
3670,3670,1589,11,31
3671,3671,4438,18,36
3672,3672,2804,2,69
3673,3673,3410,16,31
3674,3674,258,9,50
3675,3675,3132,16,28
3676,3676,2277,12,38
3677,3677,432,17,48
3678,3678,3888,13,44
3679,3679,118,4,34
3680,3680,2948,13,28
3681,3681,340,12,32
3682,3682,2219,2,66
3683,3683,1277,17,63
3684,3684,532,15,61
3685,3685,4445,13,22
3686,3686,3376,2,29
3687,3687,3423,6,37
3688,3688,1597,12,29
3689,3689,151,1,55
3690,3690,829,15,47
3691,3691,2384,3,22
3692,3692,275,10,39
3693,3693,4811,6,37
3694,3694,1228,5,68
3695,3695,1252,8,56
3696,3696,3251,6,39
3697,3697,257,11,29
3698,3698,681,14,53
3699,3699,4004,5,41
3700,3700,1643,13,40
3701,3701,3112,9,52
3702,3702,2983,10,35
3703,3703,1800,11,61
3704,3704,243,6,54
3705,3705,480,5,55
3706,3706,774,5,20
3707,3707,209,16,31
3708,3708,1546,8,32
3709,3709,3997,15,27
3710,3710,3613,15,50
3711,3711,3732,9,24
3712,3712,2626,15,63
3713,3713,481,8,55
3714,3714,1549,14,66
3715,3715,1004,7,44
3716,3716,4460,12,64
3717,3717,2471,1,32
3718,3718,1959,15,54
3719,3719,1638,7,51
3720,3720,3757,15,27
3721,3721,2261,10,41
3722,3722,1193,6,25
3723,3723,1232,16,68
3724,3724,2018,14,30
3725,3725,521,12,26
3726,3726,19,17,34
3727,3727,1510,10,23
3728,3728,4626,10,59
3729,3729,2285,8,53
3730,3730,2152,11,62
3731,3731,937,18,59
3732,3732,237,13,41
3733,3733,3174,16,49
3734,3734,1972,14,38
3735,3735,3658,12,56
3736,3736,4693,13,69
3737,3737,3750,13,57
3738,3738,943,16,49
3739,3739,391,1,51
3740,3740,2809,12,38
3741,3741,3852,9,44
3742,3742,1844,13,56
3743,3743,4713,13,64
3744,3744,3932,8,42
3745,3745,3504,18,31
3746,3746,1279,18,28
3747,3747,2375,9,56
3748,3748,630,1,36
3749,3749,4495,7,69
3750,3750,3622,13,54
3751,3751,156,15,66
3752,3752,1151,2,68
3753,3753,277,8,60
3754,3754,3052,5,49
3755,3755,637,9,23
3756,3756,874,17,60
3757,3757,4073,14,23
3758,3758,910,9,43
3759,3759,21,15,22
3760,3760,4812,1,28
3761,3761,540,13,30
3762,3762,2981,10,51
3763,3763,2684,12,62
3764,3764,1825,14,59
3765,3765,242,6,48
3766,3766,3054,11,53
3767,3767,3596,7,67
3768,3768,396,4,53
3769,3769,4316,12,40
3770,3770,4515,2,44
3771,3771,3298,14,40
3772,3772,2407,9,39
3773,3773,501,14,43
3774,3774,3543,6,24
3775,3775,3423,5,60
3776,3776,3957,19,21
3777,3777,2829,18,28
3778,3778,787,7,62
3779,3779,4772,1,27
3780,3780,2262,9,51
3781,3781,2540,8,26
3782,3782,222,11,57
3783,3783,1924,7,39
3784,3784,1108,17,66
3785,3785,4839,15,34
3786,3786,2092,8,58
3787,3787,1612,12,47
3788,3788,3949,5,50
3789,3789,161,8,41
3790,3790,4844,5,59
3791,3791,1401,14,68
3792,3792,4404,4,43
3793,3793,4213,15,53
3794,3794,2387,10,28
3795,3795,1805,17,21
3796,3796,888,4,64
3797,3797,2715,1,44
3798,3798,940,6,31
3799,3799,3397,8,23
3800,3800,3493,4,59
3801,3801,2152,14,32
3802,3802,56,2,48
3803,3803,1019,5,51
3804,3804,1331,15,46
3805,3805,496,19,49
3806,3806,3242,14,65
3807,3807,1165,7,58
3808,3808,4130,9,20
3809,3809,53,1,30
3810,3810,3075,10,42
3811,3811,330,11,68
3812,3812,4901,12,36
3813,3813,3764,1,34
3814,3814,1670,8,46
3815,3815,149,6,29
3816,3816,3578,12,35
3817,3817,133,9,56
3818,3818,2307,4,47
3819,3819,1300,6,21
3820,3820,3038,3,58
3821,3821,2720,2,54
3822,3822,4938,18,34
3823,3823,825,5,30
3824,3824,4592,12,52
3825,3825,4698,2,35
3826,3826,1440,5,30
3827,3827,4227,18,39
3828,3828,4819,6,38
3829,3829,3988,11,58
3830,3830,765,7,69
3831,3831,2725,16,42
3832,3832,3988,8,29
3833,3833,572,3,27
3834,3834,4194,11,21
3835,3835,1617,19,26
3836,3836,4650,11,45
3837,3837,1687,9,59
3838,3838,425,12,38
3839,3839,2633,16,25
3840,3840,2587,5,52
3841,3841,1617,2,30
3842,3842,1769,10,55
3843,3843,2222,2,31
3844,3844,4881,4,47
3845,3845,1649,16,28
3846,3846,763,6,42
3847,3847,4043,10,59
3848,3848,1910,7,25
3849,3849,1193,5,69
3850,3850,4681,13,38
3851,3851,782,9,39
3852,3852,4872,9,37
3853,3853,2027,15,46
3854,3854,2892,4,52
3855,3855,3975,1,48
3856,3856,2627,14,28
3857,3857,3994,19,64
3858,3858,430,1,63
3859,3859,953,10,69
3860,3860,3196,4,46
3861,3861,1198,18,58
3862,3862,2696,12,30
3863,3863,3512,7,69
3864,3864,3970,6,61
3865,3865,4710,9,27
3866,3866,4468,2,33
3867,3867,287,15,65
3868,3868,4071,13,32
3869,3869,3163,11,26
3870,3870,1233,19,34
3871,3871,2595,6,57
3872,3872,942,9,63
3873,3873,4673,12,62
3874,3874,2269,11,37
3875,3875,858,3,55
3876,3876,1587,18,50
3877,3877,856,13,23
3878,3878,1216,13,32
3879,3879,1703,15,58
3880,3880,4863,19,49
3881,3881,3955,15,38
3882,3882,4582,15,23
3883,3883,1141,5,20
3884,3884,843,5,59
3885,3885,3837,2,51
3886,3886,4317,18,31
3887,3887,3779,6,31
3888,3888,713,18,39
3889,3889,227,7,30
3890,3890,2617,3,68
3891,3891,1606,17,49
3892,3892,3832,19,68
3893,3893,2633,8,63
3894,3894,767,19,50
3895,3895,4872,19,47
3896,3896,752,6,63
3897,3897,2885,8,68
3898,3898,522,3,48
3899,3899,1695,5,60
3900,3900,262,1,41
3901,3901,1799,1,64
3902,3902,501,1,68
3903,3903,3023,6,48
3904,3904,2061,2,20
3905,3905,4159,12,40
3906,3906,3934,17,50
3907,3907,2388,10,46
3908,3908,4838,5,54
3909,3909,581,5,27
3910,3910,1852,2,59
3911,3911,2140,12,27
3912,3912,2193,5,25
3913,3913,2223,15,34
3914,3914,3463,18,40
3915,3915,3217,6,56
3916,3916,2508,14,25
3917,3917,1982,11,48
3918,3918,4799,8,44
3919,3919,541,9,42
3920,3920,4333,6,57
3921,3921,1736,3,46
3922,3922,2820,8,61
3923,3923,3944,16,42
3924,3924,1616,19,38
3925,3925,828,1,47
3926,3926,965,13,53
3927,3927,3642,12,26
3928,3928,4720,8,32
3929,3929,2106,14,23
3930,3930,3261,6,30
3931,3931,1547,3,69
3932,3932,1592,3,40
3933,3933,4887,14,40
3934,3934,4045,3,62
3935,3935,4276,12,64
3936,3936,28,12,61
3937,3937,1139,17,45
3938,3938,2948,11,50
3939,3939,4316,9,68
3940,3940,2442,5,23
3941,3941,2039,11,22
3942,3942,1810,7,58
3943,3943,706,10,67
3944,3944,4690,9,40
3945,3945,1704,15,57
3946,3946,2114,11,37
3947,3947,3094,3,52
3948,3948,3408,15,61
3949,3949,3945,17,54
3950,3950,3248,3,51
3951,3951,272,4,30
3952,3952,1378,11,58
3953,3953,1378,7,50
3954,3954,2893,14,49
3955,3955,1968,4,57
3956,3956,908,13,65
3957,3957,4815,1,39
3958,3958,3806,18,59
3959,3959,1759,13,45
3960,3960,1568,3,30
3961,3961,364,8,21
3962,3962,4682,18,58
3963,3963,203,2,36
3964,3964,1932,6,43
3965,3965,2557,18,49
3966,3966,615,18,56
3967,3967,4271,9,25
3968,3968,3390,15,68
3969,3969,3878,3,42
3970,3970,3438,9,66
3971,3971,1178,18,54
3972,3972,1320,7,69
3973,3973,2994,17,66
3974,3974,1565,3,45
3975,3975,2413,7,44
3976,3976,934,13,55
3977,3977,3773,9,40
3978,3978,266,9,61
3979,3979,3031,5,62
3980,3980,508,4,42
3981,3981,1388,9,20
3982,3982,4030,6,29
3983,3983,251,10,44
3984,3984,2567,18,41
3985,3985,486,3,66
3986,3986,197,7,27
3987,3987,1299,12,60
3988,3988,3617,5,52
3989,3989,1688,17,31
3990,3990,3051,19,67
3991,3991,3607,4,58
3992,3992,2916,12,31
3993,3993,2229,15,31
3994,3994,3950,2,30
3995,3995,2197,15,67
3996,3996,1362,11,27
3997,3997,2662,1,27
3998,3998,1073,14,56
3999,3999,1945,4,68
4000,4000,1063,6,35
4001,4001,4651,8,55
4002,4002,1230,2,37
4003,4003,226,4,63
4004,4004,2486,17,40
4005,4005,1457,9,23
4006,4006,2,19,69
4007,4007,1535,8,26
4008,4008,303,9,53
4009,4009,4583,13,53
4010,4010,2659,8,64
4011,4011,390,14,55
4012,4012,3925,18,56
4013,4013,2782,18,49
4014,4014,2560,10,45
4015,4015,2037,1,31
4016,4016,990,12,30
4017,4017,2632,3,48
4018,4018,3751,12,22
4019,4019,2698,18,30
4020,4020,3184,12,28
4021,4021,740,7,45
4022,4022,503,3,27
4023,4023,3820,7,40
4024,4024,4488,13,27
4025,4025,283,11,61
4026,4026,189,17,25
4027,4027,4221,15,37
4028,4028,3760,6,25
4029,4029,1815,6,40
4030,4030,940,7,63
4031,4031,4583,9,67
4032,4032,3940,9,67
4033,4033,2662,18,42
4034,4034,1823,1,55
4035,4035,1980,18,37
4036,4036,3383,18,46
4037,4037,408,12,64
4038,4038,1342,1,22
4039,4039,3219,19,31
4040,4040,2549,14,39
4041,4041,808,14,38
4042,4042,4454,16,42
4043,4043,273,6,24
4044,4044,2915,17,38
4045,4045,1036,13,31
4046,4046,1191,19,47
4047,4047,269,2,56
4048,4048,2142,10,53
4049,4049,2154,9,35
4050,4050,1737,12,23
4051,4051,1337,8,66
4052,4052,4332,9,61
4053,4053,4156,11,25
4054,4054,3819,1,26
4055,4055,696,11,53
4056,4056,1433,19,23
4057,4057,1384,2,34
4058,4058,3972,14,32
4059,4059,3711,4,28
4060,4060,3719,15,56
4061,4061,3652,2,36
4062,4062,2135,16,57
4063,4063,748,4,33
4064,4064,3180,2,56
4065,4065,2697,15,50
4066,4066,377,19,21
4067,4067,4053,19,65
4068,4068,387,16,38
4069,4069,4159,12,38
4070,4070,4326,3,32
4071,4071,4050,15,40
4072,4072,2423,7,50
4073,4073,2286,9,63
4074,4074,4063,15,47
4075,4075,386,13,20
4076,4076,1062,7,54
4077,4077,519,16,29
4078,4078,1101,10,27
4079,4079,1467,2,32
4080,4080,1793,19,38
4081,4081,4133,6,22
4082,4082,4505,18,22
4083,4083,3650,2,46
4084,4084,4056,1,37
4085,4085,844,15,54
4086,4086,3333,10,63
4087,4087,4650,3,53
4088,4088,3520,10,49
4089,4089,3066,3,27
4090,4090,1838,6,40
4091,4091,3143,2,65
4092,4092,246,9,38
4093,4093,4098,8,62
4094,4094,4976,1,67
4095,4095,342,17,65
4096,4096,726,13,59
4097,4097,2887,5,49
4098,4098,4153,7,46
4099,4099,1310,9,39
4100,4100,1480,14,33
4101,4101,1747,19,31
4102,4102,4289,1,68
4103,4103,1146,3,42
4104,4104,1896,16,31
4105,4105,667,8,63
4106,4106,586,7,63
4107,4107,354,11,58
4108,4108,2223,15,61
4109,4109,4994,13,49
4110,4110,2727,6,67
4111,4111,2615,5,46
4112,4112,3098,4,43
4113,4113,44,19,22
4114,4114,1605,15,49
4115,4115,2896,5,54
4116,4116,524,11,52
4117,4117,1129,18,56
4118,4118,3345,10,59
4119,4119,2841,16,68
4120,4120,658,4,35
4121,4121,2387,19,67
4122,4122,1863,5,37
4123,4123,3439,15,37
4124,4124,3823,6,33
4125,4125,777,2,51
4126,4126,1664,10,31
4127,4127,3194,6,61
4128,4128,756,19,21
4129,4129,4655,6,45
4130,4130,2994,15,42
4131,4131,4416,1,54
4132,4132,3696,8,52
4133,4133,303,11,60
4134,4134,1099,14,44
4135,4135,1405,1,23
4136,4136,1322,14,40
4137,4137,305,10,67
4138,4138,4104,17,23
4139,4139,3925,11,50
4140,4140,8,10,68
4141,4141,1775,15,34
4142,4142,1215,12,23
4143,4143,2571,3,23
4144,4144,4352,18,63
4145,4145,2281,7,22
4146,4146,698,11,24
4147,4147,4002,18,38
4148,4148,2727,17,57
4149,4149,4935,16,51
4150,4150,1924,3,28
4151,4151,3424,13,22
4152,4152,1637,8,53
4153,4153,430,5,44
4154,4154,1735,7,29
4155,4155,3154,19,51
4156,4156,1706,19,24
4157,4157,4002,12,48
4158,4158,3966,9,26
4159,4159,2991,17,34
4160,4160,1221,10,21
4161,4161,3062,18,29
4162,4162,4363,1,30
4163,4163,3942,15,59
4164,4164,3123,11,40
4165,4165,303,4,31
4166,4166,2052,6,23
4167,4167,2079,13,47
4168,4168,3670,8,48
4169,4169,542,7,32
4170,4170,3157,5,69
4171,4171,4784,5,37
4172,4172,2480,16,46
4173,4173,1904,6,22
4174,4174,3001,16,54
4175,4175,2198,15,58
4176,4176,2971,6,41
4177,4177,319,8,36
4178,4178,2906,3,47
4179,4179,4583,9,57
4180,4180,3962,9,35
4181,4181,977,5,24
4182,4182,2051,19,41
4183,4183,1361,16,36
4184,4184,3819,16,30
4185,4185,936,18,41
4186,4186,2387,12,63
4187,4187,3047,16,63
4188,4188,3666,5,55
4189,4189,764,3,60
4190,4190,2355,7,65
4191,4191,3363,14,63
4192,4192,3920,16,61
4193,4193,3855,1,59
4194,4194,4997,5,22
4195,4195,24,8,46
4196,4196,1026,2,64
4197,4197,1188,7,67
4198,4198,1008,6,32
4199,4199,1118,10,32
4200,4200,204,3,49
4201,4201,37,6,37
4202,4202,853,19,59
4203,4203,634,2,52
4204,4204,2792,19,36
4205,4205,1253,17,60
4206,4206,4515,4,29
4207,4207,3990,3,60
4208,4208,1517,14,63
4209,4209,4981,3,43
4210,4210,328,11,61
4211,4211,1031,10,48
4212,4212,2563,3,27
4213,4213,2052,9,55
4214,4214,728,16,33
4215,4215,4872,18,48
4216,4216,2093,5,26
4217,4217,2253,15,44
4218,4218,1225,16,61
4219,4219,3205,18,49
4220,4220,686,6,47
4221,4221,3141,4,29
4222,4222,2026,13,66
4223,4223,2703,1,66
4224,4224,2380,2,53
4225,4225,430,15,35
4226,4226,2808,4,29
4227,4227,1195,13,48
4228,4228,4474,14,34
4229,4229,4943,15,47
4230,4230,206,8,43
4231,4231,3698,9,61
4232,4232,3094,5,39
4233,4233,1161,3,66
4234,4234,3375,7,48
4235,4235,2847,8,21
4236,4236,3085,16,65
4237,4237,4610,17,51
4238,4238,1391,10,66
4239,4239,4893,1,61
4240,4240,4996,19,49
4241,4241,2904,18,28
4242,4242,3818,18,38
4243,4243,1779,5,25
4244,4244,2022,11,27
4245,4245,4650,1,53
4246,4246,4590,11,20
4247,4247,852,11,32
4248,4248,3397,5,25
4249,4249,2915,18,54
4250,4250,4905,8,48
4251,4251,3997,15,21
4252,4252,4556,3,29
4253,4253,4768,16,50
4254,4254,3295,12,27
4255,4255,3009,2,60
4256,4256,1579,13,58
4257,4257,4677,19,47
4258,4258,3955,13,50
4259,4259,4812,18,32
4260,4260,208,16,26
4261,4261,1296,10,20
4262,4262,1941,7,64
4263,4263,2209,2,68
4264,4264,666,4,63
4265,4265,4995,4,45
4266,4266,3863,1,65
4267,4267,89,16,35
4268,4268,4436,6,31
4269,4269,3119,19,35
4270,4270,3825,5,53
4271,4271,3190,6,46
4272,4272,3875,7,44
4273,4273,2219,5,38
4274,4274,417,1,26
4275,4275,2565,2,31
4276,4276,2618,10,65
4277,4277,4532,2,43
4278,4278,2248,14,69
4279,4279,3531,7,58
4280,4280,1899,10,24
4281,4281,2482,8,20
4282,4282,4475,1,26
4283,4283,830,8,67
4284,4284,4912,16,45
4285,4285,1243,14,43
4286,4286,4890,19,67
4287,4287,890,10,36
4288,4288,1308,18,23
4289,4289,1857,2,35
4290,4290,4983,5,55
4291,4291,2458,2,24
4292,4292,2054,3,24
4293,4293,2865,9,62
4294,4294,217,11,65
4295,4295,1233,16,36
4296,4296,346,14,60
4297,4297,1429,14,40
4298,4298,2656,11,49
4299,4299,2073,11,68
4300,4300,3574,18,52
4301,4301,339,11,64
4302,4302,322,14,42
4303,4303,4259,19,61
4304,4304,336,18,48
4305,4305,2026,4,61
4306,4306,407,13,58
4307,4307,2385,2,57
4308,4308,97,19,26
4309,4309,2853,9,56
4310,4310,2404,11,26
4311,4311,3135,17,34
4312,4312,3832,5,48
4313,4313,2488,9,29
4314,4314,917,16,39
4315,4315,3688,12,64
4316,4316,2131,1,28
4317,4317,2153,17,25
4318,4318,179,14,39
4319,4319,4302,7,40
4320,4320,4837,16,26
4321,4321,4956,15,57
4322,4322,634,4,67
4323,4323,4449,15,53
4324,4324,4743,17,66
4325,4325,1724,2,22
4326,4326,1669,8,64
4327,4327,2651,6,36
4328,4328,3976,7,62
4329,4329,1126,16,21
4330,4330,4257,5,61
4331,4331,4025,18,31
4332,4332,143,11,32
4333,4333,3857,2,57
4334,4334,3050,7,55
4335,4335,1437,15,31
4336,4336,1283,9,46
4337,4337,4043,2,45
4338,4338,2714,4,66
4339,4339,1640,15,59
4340,4340,3193,8,24
4341,4341,4909,4,51
4342,4342,2694,8,55
4343,4343,99,7,64
4344,4344,216,13,57
4345,4345,1779,5,35
4346,4346,3815,18,29
4347,4347,2520,19,56
4348,4348,2451,11,34
4349,4349,2061,6,30
4350,4350,4331,4,28
4351,4351,4339,3,37
4352,4352,1760,6,52
4353,4353,1248,15,28
4354,4354,4782,3,60
4355,4355,1121,17,34
4356,4356,321,2,55
4357,4357,1841,16,55
4358,4358,4223,17,20
4359,4359,4996,11,47
4360,4360,2263,4,52
4361,4361,2588,12,20
4362,4362,3563,8,25
4363,4363,1074,3,30
4364,4364,4179,11,67
4365,4365,225,13,46
4366,4366,3602,9,24
4367,4367,3038,15,29
4368,4368,4486,12,47
4369,4369,2636,10,35
4370,4370,4119,4,62
4371,4371,156,7,45
4372,4372,3275,9,69
4373,4373,98,6,47
4374,4374,4400,7,33
4375,4375,4700,17,32
4376,4376,1466,4,20
4377,4377,4770,2,54
4378,4378,2793,17,34
4379,4379,4637,7,48
4380,4380,1544,11,50
4381,4381,3984,18,31
4382,4382,670,7,24
4383,4383,343,18,67
4384,4384,84,19,65
4385,4385,4945,14,51
4386,4386,2458,8,29
4387,4387,4079,7,24
4388,4388,4093,1,46
4389,4389,2081,6,58
4390,4390,3871,4,40
4391,4391,1744,16,35
4392,4392,4885,15,48
4393,4393,3250,18,34
4394,4394,4480,18,57
4395,4395,215,8,26
4396,4396,4954,10,37
4397,4397,2445,5,38
4398,4398,684,7,36
4399,4399,1312,17,33
4400,4400,571,6,60
4401,4401,3308,11,67
4402,4402,2477,10,29
4403,4403,552,7,44
4404,4404,4178,7,60
4405,4405,113,10,63
4406,4406,4697,13,28
4407,4407,1548,3,35
4408,4408,3565,9,67
4409,4409,2046,5,43
4410,4410,3947,16,40
4411,4411,3337,11,53
4412,4412,3816,18,58
4413,4413,216,15,26
4414,4414,270,5,26
4415,4415,2949,8,47
4416,4416,2864,8,54
4417,4417,825,19,29
4418,4418,4668,5,57
4419,4419,299,4,51
4420,4420,1238,18,53
4421,4421,2642,12,43
4422,4422,770,1,69
4423,4423,1513,8,60
4424,4424,328,9,66
4425,4425,1410,13,65
4426,4426,3387,1,60
4427,4427,4710,6,21
4428,4428,418,1,61
4429,4429,1484,14,23
4430,4430,370,5,20
4431,4431,2053,13,41
4432,4432,109,5,30
4433,4433,1916,15,67
4434,4434,183,3,30
4435,4435,3364,4,64
4436,4436,2888,3,33
4437,4437,3722,12,46
4438,4438,1109,14,52
4439,4439,1198,6,47
4440,4440,564,19,42
4441,4441,3810,5,28
4442,4442,644,17,37
4443,4443,4280,19,62
4444,4444,1291,18,43
4445,4445,2518,12,46
4446,4446,3177,18,54
4447,4447,1687,5,23
4448,4448,3185,13,41
4449,4449,4066,4,30
4450,4450,286,18,26
4451,4451,123,9,60
4452,4452,88,2,56
4453,4453,4633,10,53
4454,4454,542,13,31
4455,4455,4775,6,23
4456,4456,4048,8,64
4457,4457,3658,13,21
4458,4458,4063,4,66
4459,4459,892,19,20
4460,4460,1609,7,37
4461,4461,4516,15,42
4462,4462,3696,5,53
4463,4463,692,17,23
4464,4464,4613,19,61
4465,4465,3916,5,64
4466,4466,714,11,38
4467,4467,1280,4,59
4468,4468,4750,14,61
4469,4469,916,4,59
4470,4470,3604,4,60
4471,4471,1964,2,28
4472,4472,4196,7,42
4473,4473,1305,19,32
4474,4474,3455,1,20
4475,4475,4421,12,31
4476,4476,1257,19,29
4477,4477,2818,12,46
4478,4478,908,9,38
4479,4479,28,7,59
4480,4480,2701,1,51
4481,4481,4907,6,41
4482,4482,3976,10,44
4483,4483,2880,1,30
4484,4484,1397,18,30
4485,4485,3852,3,45
4486,4486,1068,11,35
4487,4487,11,14,48
4488,4488,4883,6,49
4489,4489,4477,11,30
4490,4490,3784,7,20
4491,4491,923,8,25
4492,4492,4601,5,32
4493,4493,4295,18,46
4494,4494,1145,15,62
4495,4495,4828,18,54
4496,4496,1922,3,52
4497,4497,4020,10,33
4498,4498,2143,15,62
4499,4499,268,8,65
4500,4500,4289,8,41
4501,4501,2492,14,61
4502,4502,4053,10,40
4503,4503,94,13,21
4504,4504,298,10,24
4505,4505,513,6,34
4506,4506,3400,18,69
4507,4507,909,16,67
4508,4508,2254,18,39
4509,4509,2026,6,45
4510,4510,4320,9,43
4511,4511,4544,16,54
4512,4512,820,6,43
4513,4513,3565,11,45
4514,4514,111,3,60
4515,4515,3544,8,69
4516,4516,2644,1,41
4517,4517,3563,15,46
4518,4518,4460,15,38
4519,4519,2560,19,56
4520,4520,667,10,55
4521,4521,2146,19,48
4522,4522,3646,9,59
4523,4523,259,7,58
4524,4524,2129,14,62
4525,4525,3966,2,31
4526,4526,3534,13,63
4527,4527,4955,4,35
4528,4528,2414,7,67
4529,4529,1513,8,50
4530,4530,4800,16,34
4531,4531,3754,9,52
4532,4532,1182,11,34
4533,4533,2283,14,51
4534,4534,1875,4,41
4535,4535,895,19,69
4536,4536,957,15,25
4537,4537,4490,14,49
4538,4538,2058,16,60
4539,4539,2378,3,36
4540,4540,3932,6,63
4541,4541,3340,4,21
4542,4542,1180,1,35
4543,4543,530,18,66
4544,4544,2996,8,31
4545,4545,3356,16,66
4546,4546,3563,16,64
4547,4547,2791,15,31
4548,4548,960,2,67
4549,4549,264,12,58
4550,4550,478,4,36
4551,4551,356,11,61
4552,4552,3331,2,60
4553,4553,2185,6,25
4554,4554,63,17,60
4555,4555,4173,19,45
4556,4556,4950,9,20
4557,4557,4729,5,35
4558,4558,1944,14,65
4559,4559,2061,16,59
4560,4560,1715,1,66
4561,4561,3915,3,35
4562,4562,669,10,65
4563,4563,3600,15,35
4564,4564,468,3,58
4565,4565,2752,1,48
4566,4566,4437,13,69
4567,4567,3127,15,68
4568,4568,3485,10,45
4569,4569,4777,3,49
4570,4570,1744,18,52
4571,4571,3078,19,62
4572,4572,3730,5,39
4573,4573,280,10,56
4574,4574,4881,16,32
4575,4575,2643,18,27
4576,4576,3031,8,51
4577,4577,347,13,37
4578,4578,4213,8,64
4579,4579,2522,13,60
4580,4580,1397,12,30
4581,4581,3382,13,57
4582,4582,4267,17,62
4583,4583,2774,15,66
4584,4584,2771,9,33
4585,4585,1019,4,59
4586,4586,3735,12,69
4587,4587,2288,4,52
4588,4588,3705,13,60
4589,4589,808,3,42
4590,4590,1801,5,26
4591,4591,1176,13,34
4592,4592,76,14,34
4593,4593,736,8,28
4594,4594,2690,11,40
4595,4595,2886,8,56
4596,4596,2308,12,58
4597,4597,1150,11,47
4598,4598,4800,17,63
4599,4599,548,13,25
4600,4600,3625,4,29
4601,4601,1383,13,34
4602,4602,4262,9,43
4603,4603,816,14,23
4604,4604,3425,12,66
4605,4605,3818,13,69
4606,4606,414,8,54
4607,4607,3812,5,34
4608,4608,703,11,56
4609,4609,772,6,21
4610,4610,4728,7,66
4611,4611,1526,15,59
4612,4612,3425,5,47
4613,4613,3668,9,24
4614,4614,449,19,42
4615,4615,4425,5,28
4616,4616,2625,13,26
4617,4617,2415,12,23
4618,4618,1563,5,38
4619,4619,3004,7,27
4620,4620,3003,3,50
4621,4621,2457,13,33
4622,4622,3308,11,48
4623,4623,4146,10,28
4624,4624,183,9,56
4625,4625,394,6,25
4626,4626,2925,14,61
4627,4627,1769,10,47
4628,4628,4282,17,64
4629,4629,89,2,29
4630,4630,3063,2,64
4631,4631,86,4,22
4632,4632,3688,7,31
4633,4633,120,4,55
4634,4634,88,8,30
4635,4635,3128,14,28
4636,4636,1179,3,25
4637,4637,912,11,31
4638,4638,3366,3,65
4639,4639,4457,5,60
4640,4640,2583,16,27
4641,4641,2643,11,60
4642,4642,4792,1,32
4643,4643,1743,9,62
4644,4644,735,5,28
4645,4645,3160,11,39
4646,4646,53,2,59
4647,4647,1738,10,29
4648,4648,1736,5,60
4649,4649,4499,17,46
4650,4650,3997,12,23
4651,4651,1965,3,29
4652,4652,4969,7,68
4653,4653,2870,11,38
4654,4654,4734,11,29
4655,4655,4973,12,69
4656,4656,713,5,67
4657,4657,4148,10,42
4658,4658,4498,12,55
4659,4659,3628,14,60
4660,4660,619,1,28
4661,4661,4760,14,21
4662,4662,4998,7,38
4663,4663,667,10,27
4664,4664,3503,12,45
4665,4665,2018,6,55
4666,4666,4270,16,30
4667,4667,3747,10,22
4668,4668,4492,12,49
4669,4669,2361,10,37
4670,4670,1222,10,36
4671,4671,4806,11,28
4672,4672,2613,9,49
4673,4673,3598,9,35
4674,4674,1557,12,27
4675,4675,4558,2,60
4676,4676,4968,14,45
4677,4677,2869,9,24
4678,4678,115,18,24
4679,4679,4960,13,65
4680,4680,3802,16,43
4681,4681,1231,13,33
4682,4682,1886,8,24
4683,4683,3504,12,55
4684,4684,2031,19,44
4685,4685,2727,10,36
4686,4686,2480,2,25
4687,4687,3330,15,26
4688,4688,2838,17,65
4689,4689,2039,6,34
4690,4690,1772,3,25
4691,4691,4448,11,51
4692,4692,701,5,61
4693,4693,3364,13,59
4694,4694,962,16,46
4695,4695,4433,10,59
4696,4696,3889,13,24
4697,4697,2819,11,35
4698,4698,2032,16,30
4699,4699,1979,6,58
4700,4700,4965,1,44
4701,4701,4205,8,21
4702,4702,1897,17,47
4703,4703,2888,10,26
4704,4704,3617,2,57
4705,4705,1150,19,69
4706,4706,3829,6,20
4707,4707,3348,2,37
4708,4708,4158,18,31
4709,4709,171,14,68
4710,4710,3687,6,27
4711,4711,3164,12,39
4712,4712,3147,8,54
4713,4713,3698,3,61
4714,4714,4217,5,35
4715,4715,3798,17,69
4716,4716,2532,5,52
4717,4717,263,14,59
4718,4718,2249,14,44
4719,4719,2150,9,38
4720,4720,3057,8,54
4721,4721,2414,11,35
4722,4722,3553,18,35
4723,4723,2689,9,67
4724,4724,4977,2,44
4725,4725,2197,2,51
4726,4726,497,6,63
4727,4727,3463,6,47
4728,4728,750,11,28
4729,4729,4103,10,37
4730,4730,1047,13,42
4731,4731,1980,19,49
4732,4732,3030,2,51
4733,4733,3602,14,43
4734,4734,2101,1,30
4735,4735,4499,12,45
4736,4736,4800,18,30
4737,4737,4238,16,39
4738,4738,1049,5,63
4739,4739,762,19,37
4740,4740,4129,14,53
4741,4741,2736,11,55
4742,4742,3623,17,23
4743,4743,1402,15,40
4744,4744,1157,16,45
4745,4745,2197,14,33
4746,4746,4923,17,45
4747,4747,3149,4,32
4748,4748,4622,14,45
4749,4749,3007,4,60
4750,4750,566,3,34
4751,4751,1789,4,46
4752,4752,2000,6,42
4753,4753,946,4,41
4754,4754,2043,7,29
4755,4755,3455,7,24
4756,4756,4737,18,23
4757,4757,508,12,69
4758,4758,4226,16,55
4759,4759,4749,6,35
4760,4760,3046,5,51
4761,4761,4499,10,30
4762,4762,1529,17,58
4763,4763,4610,3,52
4764,4764,1034,9,54
4765,4765,4567,10,67
4766,4766,2846,10,23
4767,4767,736,6,42
4768,4768,2157,4,22
4769,4769,4124,11,39
4770,4770,2611,9,20
4771,4771,3443,12,52
4772,4772,4309,10,29
4773,4773,3709,6,63
4774,4774,2829,13,22
4775,4775,4250,5,51
4776,4776,2920,4,64
4777,4777,158,3,57
4778,4778,2342,5,50
4779,4779,3438,18,40
4780,4780,2832,3,43
4781,4781,4718,5,43
4782,4782,2282,9,29
4783,4783,4919,6,25
4784,4784,2225,15,47
4785,4785,639,18,20
4786,4786,2640,8,66
4787,4787,52,12,65
4788,4788,4913,6,63
4789,4789,1472,8,29
4790,4790,330,15,60
4791,4791,3666,16,49
4792,4792,785,5,34
4793,4793,296,11,33
4794,4794,346,17,43
4795,4795,2202,13,29
4796,4796,2280,16,45
4797,4797,2380,18,20
4798,4798,1506,13,39
4799,4799,3875,3,48
4800,4800,4475,3,53
4801,4801,3448,6,21
4802,4802,1995,15,21
4803,4803,568,19,21
4804,4804,3957,3,27
4805,4805,30,3,44
4806,4806,3501,3,37
4807,4807,3659,18,64
4808,4808,2542,8,36
4809,4809,2612,16,49
4810,4810,3268,3,27
4811,4811,3895,11,61
4812,4812,3210,16,65
4813,4813,694,2,48
4814,4814,2043,1,38
4815,4815,3874,8,56
4816,4816,4767,12,43
4817,4817,2752,19,37
4818,4818,1504,18,29
4819,4819,178,18,35
4820,4820,2784,11,69
4821,4821,2720,18,60
4822,4822,1745,6,61
4823,4823,994,1,63
4824,4824,4899,9,24
4825,4825,3321,16,34
4826,4826,3047,5,42
4827,4827,2389,19,50
4828,4828,4896,17,49
4829,4829,2000,8,26
4830,4830,535,19,39
4831,4831,3030,18,58
4832,4832,735,12,22
4833,4833,3238,16,22
4834,4834,950,14,50
4835,4835,548,4,26
4836,4836,312,8,20
4837,4837,969,12,46
4838,4838,2275,11,69
4839,4839,1083,13,20
4840,4840,2817,8,25
4841,4841,721,18,39
4842,4842,4345,13,58
4843,4843,2010,4,63
4844,4844,2309,1,22
4845,4845,1427,10,21
4846,4846,4154,6,66
4847,4847,3129,11,51
4848,4848,3754,7,39
4849,4849,73,10,55
4850,4850,4081,12,46
4851,4851,4149,6,39
4852,4852,2617,6,38
4853,4853,4990,4,40
4854,4854,4199,2,62
4855,4855,1136,7,39
4856,4856,819,7,24
4857,4857,918,2,39
4858,4858,1531,10,31
4859,4859,4466,14,67
4860,4860,1050,5,29
4861,4861,25,8,41
4862,4862,4933,18,57
4863,4863,928,5,47
4864,4864,3593,4,31
4865,4865,1846,19,58
4866,4866,3860,11,29
4867,4867,2500,5,67
4868,4868,4803,16,54
4869,4869,4779,9,67
4870,4870,1928,6,63
4871,4871,686,8,59
4872,4872,2015,1,56
4873,4873,1682,1,36
4874,4874,139,5,46
4875,4875,498,18,65
4876,4876,2889,4,48
4877,4877,1049,16,45
4878,4878,406,19,28
4879,4879,1751,7,31
4880,4880,2494,15,62
4881,4881,2725,18,45
4882,4882,1617,9,52
4883,4883,2868,7,51
4884,4884,1101,1,30
4885,4885,3396,13,48
4886,4886,480,4,27
4887,4887,4380,2,44
4888,4888,1710,10,39
4889,4889,3240,5,40
4890,4890,3535,3,23
4891,4891,4193,5,55
4892,4892,453,11,62
4893,4893,4489,18,48
4894,4894,1914,2,38
4895,4895,1370,16,45
4896,4896,2434,18,55
4897,4897,531,6,44
4898,4898,1944,15,42
4899,4899,2498,12,57
4900,4900,1552,4,47
4901,4901,405,12,60
4902,4902,522,11,30
4903,4903,618,9,48
4904,4904,2065,1,63
4905,4905,4300,18,69
4906,4906,1737,6,39
4907,4907,3762,12,28
4908,4908,1535,3,43
4909,4909,1034,1,66
4910,4910,4880,7,68
4911,4911,1793,18,60
4912,4912,3721,12,32
4913,4913,2237,16,21
4914,4914,2334,7,36
4915,4915,1741,17,69
4916,4916,328,4,46
4917,4917,695,10,57
4918,4918,2929,6,21
4919,4919,2484,2,52
4920,4920,331,4,24
4921,4921,775,18,33
4922,4922,1281,1,46
4923,4923,1056,1,69
4924,4924,2366,16,55
4925,4925,3215,13,46
4926,4926,3026,14,33
4927,4927,1116,11,34
4928,4928,4285,8,46
4929,4929,845,10,27
4930,4930,2082,16,40
4931,4931,118,7,53
4932,4932,4875,5,68
4933,4933,3036,10,47
4934,4934,2048,18,43
4935,4935,1238,7,36
4936,4936,2177,4,25
4937,4937,212,10,57
4938,4938,4257,18,38
4939,4939,3181,18,20
4940,4940,1601,3,57
4941,4941,3136,13,45
4942,4942,32,14,24
4943,4943,3197,14,23
4944,4944,4717,1,44
4945,4945,3242,5,64
4946,4946,902,10,68
4947,4947,4341,14,64
4948,4948,2304,19,41
4949,4949,3870,7,67
4950,4950,4840,15,32
4951,4951,2151,9,42
4952,4952,3033,10,52
4953,4953,4633,8,44
4954,4954,3345,9,29
4955,4955,2668,11,37
4956,4956,4123,8,46
4957,4957,651,18,68
4958,4958,4230,5,45
4959,4959,1615,8,68
4960,4960,4824,2,61
4961,4961,4811,18,21
4962,4962,2154,19,29
4963,4963,477,18,39
4964,4964,3016,16,57
4965,4965,2936,4,22
4966,4966,3387,17,29
4967,4967,3082,6,47
4968,4968,3636,12,38
4969,4969,2775,7,36
4970,4970,3968,14,63
4971,4971,3430,12,63
4972,4972,4831,2,42
4973,4973,4586,4,47
4974,4974,4820,8,46
4975,4975,4144,10,51
4976,4976,1209,17,57
4977,4977,2151,7,31
4978,4978,1248,10,39
4979,4979,3865,17,25
4980,4980,3675,16,22
4981,4981,1401,13,22
4982,4982,3031,18,42
4983,4983,4207,5,28
4984,4984,322,8,52
4985,4985,3712,7,55
4986,4986,4859,18,31
4987,4987,3225,6,45
4988,4988,2989,13,56
4989,4989,1815,9,69
4990,4990,1380,8,67
4991,4991,343,12,29
4992,4992,4728,10,63
4993,4993,1441,7,30
4994,4994,4872,7,38
4995,4995,737,17,24
4996,4996,4862,5,43
4997,4997,1181,10,54
4998,4998,880,15,47
4999,4999,1423,13,49
5000,5000,2853,14,38
